key,value,note
voice,produce_events/202100711/2021007110190,（圆香）发不出悦耳的声音
voice,produce_events/202100711/2021007110200,（圆香）不对、不对、不对……
voice,produce_events/202100711/2021007110210,（圆香）不是这个声音
voice,produce_events/202100711/2021007110220,（圆香）还要更加精巧、更加复杂、更加纤细
voice,produce_events/202100711/2021007110230,（圆香）必须得是通透的声音
voice,produce_events/202100711/2021007110240,（圆香）要更加
voice,produce_events/202100711/2021007110250,（圆香）如同在切削自己的灵魂一般
voice,produce_events/202100711/2021007110260,（圆香）美丽
still,20210071101,那时，有声音响起
still,20210071102,生锈的声音
still,20210071103,是八音盒
still,20210071104,或许是被放坏了\r\n八音盒的声音并不在调上
still,20210071105,那是
still,20210071106,专门用来装重要东西的盒子
still,00000000001,
still,00000000002,
still,10210040301,
still,10210040302,
still,10210040303,
still,10210040304,
still,10210040305,
still,20010060201,
still,20140091101,
still,20210070101,
still,20210070201,
still,20210070202,
still,20210070203,
still,20210070204,
still,20210070205,
still,20210070206,
still,20210070207,
still,20210070208,
still,20210070209,
still,20210070210,
still,20210070211,
still,20210070212,
still,20210070213,
still,20210070214,
still,20210070301,
still,20400200201,
still,30020060201,
still,30050120301,
still,30100070301,
still,30150150301,
still,40010120101,
still,40010120102,
still,40010120103,
still,40010120104,
still,40010120105,
still,40010120106,
still,40010120107,
still,40010120108,
still,40010120109,
still,40010120110,
still,40010120111,
still,40010120112,
still,40010120113,
still,40010120114,
still,40010120115,
still,40010120116,
still,40010120117,
still,40010120201,
still,40010120202,
still,40010120203,
still,40010120204,
still,40010120205,
still,40010120206,
still,40010120207,
still,40010120208,
still,40010120209,
still,40010120210,
still,40010120211,
still,40010120212,
still,40010120213,
still,40010120214,
still,40010120215,
still,40010120301,
still,40010120302,
still,40010120303,
still,40010120304,
still,40010120305,
still,40010120306,
still,40010120307,
still,40010120308,
still,40010120309,
still,40010120401,
still,40010120402,
still,40010120403,
still,40010120404,
still,40010120405,
still,40010120406,
still,40010120407,
still,40010120408,
still,40010120409,
still,40010120410,
still,40010120411,
still,40010120412,
still,40010120601,
still,40010120602,
still,40010120603,
still,40010120604,
still,40010120605,
still,40010120801,
still,40010120802,
still,40010130101,
still,40010470601,
still,40010530201,
still,40010530202,
still,40010530203,
still,40010530204,
still,40010530301,
still,40010530302,
still,40010530303,
still,40010530304,
still,40010530305,
still,40010530306,
still,40010530401,
still,40010530402,
still,40010530403,
still,40010530404,
still,40010530405,
still,40010530406,
still,40010530501,
still,40010530502,
still,40010530503,
still,40010530504,
still,40010530601,
still,40010530602,
still,40010530603,
still,40010530604,
still,40010530701,
still,40010530702,
still,40010530703,
still,40010530704,
still,40010530705,
still,40010670701,
still,40010740401,
still,49010020101,
still,49010020201,
still,49010020301,
still,49010020401,
still,49010020402,
still,49010020501,
still,49010020502,
still,49010020601,
still,49010020602,
still,49010020701,
still,49010020702,
speaker,A,A
speaker,AB船員,AB船员
speaker,AD,导演助理
speaker,AD2,导演助理2
speaker,ADふうの女性,导演助理风格的女性
speaker,Aの友人,A的朋友
speaker,Aチーム,A队
speaker,Aチームのダリア役,A队的达莉亚扮演者
speaker,Aチームのヒマワリ役,A队的向日葵扮演者
speaker,Aチームメンバーたち,A队成员们
speaker,Bチーム,B团队
speaker,CA,空姐
speaker,CDショップスタッフ,CD店工作人员
speaker,CM,广告
speaker,DJ,DJ
speaker,Hanako,Hanako
speaker,HanakoのSNS,Hanako的社交账号
speaker,MC,司仪
speaker,MC芸人１,司仪艺人1
speaker,MC芸人２,司仪艺人2
speaker,MEMちょ,MEM啾
speaker,MEMちょ＆智代子,MEM啾＆智代子
speaker,MODERNISM一同,MODERNISM全体人员
speaker,MODERNISM１,MODERNISM1
speaker,MODERNISM２,MODERNISM2
speaker,MODERNISM３,MODERNISM3
speaker,POP,海报
speaker,SNS,社交网络
speaker,SNSのコメント,SNS评论
speaker,SNSのコメント１,SNS的评论1
speaker,SNSのコメント２,SNS的评论2
speaker,SNSのコメント３,SNS的评论3
speaker,SNSの反応１,SNS的反应1
speaker,SNSの反応２,SNS的反应2
speaker,SNSの反応３,SNS的反应3
speaker,SNSの反応４,SNS的反应4
speaker,SNSの声,SNS的声音
speaker,SNSの投稿,SNS的投稿
speaker,SNSの投稿１,SNS的投稿1
speaker,SNSの投稿２,SNS的投稿2
speaker,SNSの投稿３,SNS的投稿3
speaker,SNSの投稿４,SNS的投稿4
speaker,SNSの投稿５,SNS的投稿5
speaker,SNSの投稿６,SNS的投稿6
speaker,SNSの投稿７,SNS的投稿7
speaker,SNSの書き込み,SNS的留言
speaker,SNSの書き込み１,SNS的留言1
speaker,SNSの書き込み２,SNS的留言2
speaker,SNSの書き込み３,SNS的留言3
speaker,SNSの書き込み４,SNS的留言4
speaker,SNSの書き込み５,SNS的留言5
speaker,SNSへの投稿,向SNS的投稿
speaker,SNSへの投稿10,向SNS的投稿10
speaker,SNSへの投稿11,向SNS的投稿11
speaker,SNSへの投稿12,向SNS的投稿12
speaker,SNS投稿へのリプライ,对SNS投稿的回复
speaker,SNS投稿者,SNS投稿者
speaker,STEALTH担当,STEALTH负责人
speaker,TVの音声,电视的声音
speaker,TVナレーション,电视旁白
speaker,TVプロデューサー,电视制作人
speaker,TV局のディレクター,电视台的导演
speaker,TV局職員,电视台职员
speaker,TV番組の司会者,电视节目主持人
speaker,VTR（智代子）,VTR（智代子）
speaker,VTR（一同）,VTR（众人）
speaker,VTR（ナレーション）,VTR（旁白）
speaker,VTR（夏葉）,VTR（夏叶）
speaker,VTR（凛世）,VTR（凛世）
speaker,VTR（樹里）,VTR（树里）
speaker,VTR（果穂）,VTR（果穗）
speaker,VTRのナレーション,录像带的旁白
speaker,WEBページ,网页
speaker,XXX,XXX
speaker,off,off
speaker,unknown,unknown
speaker,──,──
speaker,『かなえ』のおみくじ,《香奈惠》的签
speaker,『Ａ』,《A》
speaker,【公式】,【官方】
speaker,あかね,茜
speaker,あかね＆凛世,茜＆凛世
speaker,あかね＆智代子,茜＆智代子
speaker,あかね＆智代子＆凛世,茜＆智代子＆凛世
speaker,あさひ,朝日
speaker,あさひのメッセージ,朝日的消息
speaker,あさひの同級生,朝日的同学
speaker,あさひ＆そば屋の大将,朝日＆荞麦面馆老板
speaker,あさひ＆プロデューサー,朝日＆制作人
speaker,あさひ＆主人公,朝日＆主人公
speaker,あさひ＆冬優子,朝日＆冬优子
speaker,あさひ＆冬優子＆愛依,朝日＆冬优子＆爱依
speaker,あさひ＆助手,朝日＆助手
speaker,あさひ＆子ども,朝日＆孩子
speaker,あさひ＆弟＆妹,朝日＆弟弟＆妹妹
speaker,あさひ＆愛依,朝日＆爱依
speaker,あすみ,明日美
speaker,あるアカウント,某个账号
speaker,ある現場の録音技師,某个现场的录音技师
speaker,おしゃべりをする生徒,聊天的学生
speaker,おじいさん,爷爷
speaker,おじさん,叔叔
speaker,おすすめの投稿,推荐的投稿
speaker,おって,追捕者
speaker,おばあさん,奶奶
speaker,おばちゃん,阿姨
speaker,おみくじ,签文
speaker,おもち,年糕
speaker,お兄ちゃん,哥哥
speaker,お化け１,妖怪1
speaker,お化け２,妖怪2
speaker,お化け３,妖怪3
speaker,お化け４,妖怪4
speaker,お天気キャスター,天气预报员
speaker,お客さん,客人
speaker,お師匠様,师傅
speaker,お母さん,妈妈
speaker,お笑い,喜剧演员
speaker,お笑い芸人,搞笑艺人
speaker,お笑い１,喜剧演员1
speaker,お笑い１＆お笑い２,喜剧演员1＆喜剧演员2
speaker,お笑い２,喜剧演员2
speaker,かくれんぼゲーム担当,捉迷藏游戏负责人
speaker,かな,加奈
speaker,かなからのメッセージ,从加奈来的消息
speaker,かな＆MEMちょ,加奈＆MEM啾
speaker,かな＆あかね,加奈＆茜
speaker,かな＆あさひ,加奈＆朝日
speaker,かな＆凛世,加奈＆凛世
speaker,かな＆夏葉,加奈＆夏叶
speaker,かな＆智代子＆凛世,加奈＆智代子＆凛世
speaker,くじの屋台の店主,抽签摊位的摊主
speaker,さおり,沙织
speaker,さおり＆めぐみ,沙织＆惠美
speaker,さる,猴子
speaker,すい姫,水姬
speaker,その場の一同,当场的所有人
speaker,そば屋の大将,荞麦面馆老板
speaker,つけっぱなしのテレビ,一直开着的电视
speaker,とあるエンジニア,某个工程师
speaker,とあるスタッフ,某个工作人员
speaker,とあるステージスタッフ,某个舞台工作人员
speaker,とあるボイストレーナー,某个发声训练师
speaker,とある業界関係者,某个业界相关人员
speaker,とある芸能事務所社員,某个演艺事务所员工
speaker,とある録音技師,某个录音技师
speaker,とある音楽ディレクター,某个音乐导演
speaker,ななみ,奈浪美
speaker,ななみ？,奈浪美？
speaker,にちか,日花
speaker,にちかと一同,日花＆众人
speaker,にちかのポップ,日花画的展板
speaker,にちかのメモ,日花的笔记
speaker,にちかの先輩,日花的前辈
speaker,にちかの母親,日花的母亲
speaker,にちかの父親,日花的父亲
speaker,にちか＆お笑い,日花＆搞笑艺人
speaker,にちか＆はづき,日花＆叶月
speaker,にちか＆スタッフら,日花＆工作人员们
speaker,にちか＆プロデューサー,日花＆制作人
speaker,にちか＆メイクスタッフ,日花＆化妆师们
speaker,にちか＆モデルたち,日花＆模特们
speaker,にちか＆ルカ,日花＆路加
speaker,にちか＆一同,日花＆众人
speaker,にちか＆中年女性,日花＆中年女性
speaker,にちか＆先輩,日花＆前辈
speaker,にちか＆出演者ら,日花＆出演者们
speaker,にちか＆子ども,日花＆孩子
speaker,にちか＆撮影スタッフ,日花＆摄影工作人员
speaker,にちか＆美琴,日花＆美琴
speaker,にちか＆美琴＆ルカ,日花＆美琴＆路加
speaker,にちか＆若手女優たち,日花＆年轻女演员们
speaker,のぼり旗,旗帜
speaker,のぼり旗１,旗帜1
speaker,のぼり旗２,旗帜2
speaker,はづき,叶月
speaker,はづきからの連絡,从叶月来的联络
speaker,はづきの同僚店員,叶月的同事店员
speaker,はづき＆プロデューサー,叶月＆制作人
speaker,はづき＆Ｐ,叶月＆P
speaker,はるき,阳希
speaker,はるき＆スタッフ,阳希＆工作人员
speaker,はるき＆プロデューサー,阳希＆制作人
speaker,はるき＆女性タレント,阳希＆女艺人
speaker,ひったくり,抢匪
speaker,ふたり,两人
speaker,ぶたの助,猪之助
speaker,ほくほくのスタッフ,喜笑颜开的工作人员
speaker,まな,麻奈
speaker,めい,“爱依”
speaker,めぐみ,惠美
speaker,めぐる,巡
speaker,めぐる＆灯織,巡＆灯织
speaker,めぐるのアカウント,巡的账号
speaker,めぐるのファン,巡的粉丝
speaker,めぐるの友達,巡的朋友
speaker,めぐるの友達A,巡的朋友A
speaker,めぐるの友達B,巡的朋友B
speaker,めぐるの友達たち,巡的朋友们
speaker,めぐるの母,巡的母亲
speaker,めぐるの知人,巡的熟人
speaker,めぐる＆スタッフ１,巡＆工作人员1
speaker,めぐる＆プロデューサー,巡＆制作人
speaker,めぐる＆ルポライター,巡＆纪实作家
speaker,めぐる＆主人公,巡＆主人公
speaker,めぐる＆円香,巡＆圆香 
speaker,めぐる＆円香＆雛菜,巡＆圆香＆雏菜
speaker,めぐる＆咲耶＆冬優子,巡＆咲耶＆冬优子
speaker,めぐる＆咲耶＆樹里,巡＆咲耶＆树里
speaker,めぐる＆小学生女子B,巡＆小学生女子B
speaker,めぐる＆恋鐘＆咲耶,巡＆恋钟＆咲耶
speaker,めぐる＆摩美々,巡＆摩美美
speaker,めぐる＆明るい同級生,巡＆开朗的同学
speaker,めぐる＆智代子,巡＆智代子
speaker,めぐる＆樹里,巡＆树里
speaker,めぐる＆樹里＆あさひ,巡＆树里＆朝日
speaker,めぐる＆樹里＆冬優子,巡＆树里＆冬优子
speaker,めぐる＆現地の女子３,巡＆当地的女子3
speaker,めぐる＆甘奈,巡＆甘奈
speaker,めぐる＆甘奈＆千雪,巡＆甘奈＆千雪
speaker,めぐる＋甜花＋千雪,巡＋甜花＋千雪
speaker,めぐる＋赤ちゃん,巡＋婴儿
speaker,めぐる＋雛菜,巡＋雏菜
speaker,ものまね,模仿
speaker,アイ,爱
speaker,アイドル,偶像
speaker,アイドルA,偶像A
speaker,アイドルB,偶像B
speaker,アイドルたち,偶像们
speaker,アイドルたちの声,偶像们的声音
speaker,アイドルのツイスタ,偶像的Twesta
speaker,アイドルのマネージャー,偶像的经纪人
speaker,アイドルの動画,偶像的视频
speaker,アイドルの声,偶像的声音
speaker,アイドルの投稿,偶像的投稿
speaker,アイドルグループ,偶像团体
speaker,アイドルファン,偶像粉丝
speaker,アイドルファン１,偶像粉丝1
speaker,アイドルファン２,偶像粉丝2
speaker,アイドル１,偶像1
speaker,アイドル１のSNS,偶像1的社交账号
speaker,アイドル２,偶像2
speaker,アイドル２のSNS,偶像2的社交账号
speaker,アイドル３,偶像3
speaker,アイドル３のSNS,偶像3的社交账号
speaker,アイドル４,偶像4
speaker,アイドル４のSNS,偶像4的社交账号
speaker,アイドル５,偶像5
speaker,アイドル６,偶像6
speaker,アイドル７,偶像7
speaker,アイドルＡ,偶像A
speaker,アイドルＢ,偶像B
speaker,アオ,小青
speaker,アオ役の女優,饰演小青的女演员
speaker,アカウント２,账号2
speaker,アカウント３,账号3
speaker,アカウント４,账号4
speaker,アカウント５,账号5
speaker,アカウント６,账号6
speaker,アカウント７,账号7
speaker,アクション俳優,动作演员
speaker,アシスタント,助手
speaker,アップル,苹果
speaker,アトラクションの係員,游乐设施工作人员
speaker,アドトラックの広告,广告卡车广告
speaker,アドトレーラーの文字,广告拖车上的文字
speaker,アナウンサー,播音员
speaker,アナウンス,广播
speaker,アニメファン１,动漫粉丝1
speaker,アニメファン２,动漫粉丝2
speaker,アルストロメリア,ALSTROEMERIA
speaker,アルバイト先の社員,打工处的员工
speaker,アンケート,问卷调查
speaker,アンティーカ,L'Antica
speaker,アンニン,杏仁
speaker,アーチ看板,拱形招牌
speaker,アーティスト,艺术家
speaker,アートスクール講師,艺术学校讲师
speaker,アートディレクター,艺术总监
speaker,イケメン俳優,帅哥演员
speaker,イベントMC,活动主持人
speaker,イベントの司会,活动主持
speaker,イベントスタッフ,活动工作人员
speaker,イベントスタッフ１,活动工作人员1
speaker,イベントスタッフ２,活动工作人员2
speaker,イベントディレクター,活动导演
speaker,イベントプロデューサー,活动制作人
speaker,イベントプロモーター,活动促销员
speaker,イベント主催スタッフ,活动主办工作人员
speaker,イベント主催者,活动主办者
speaker,イベント司会,活动主持
speaker,イベント司会者,活动主持人
speaker,イベント関係者,活动相关人员
speaker,イヤホンから聞こえる声,从耳机传来的声音
speaker,イルミネ,イルミネ
speaker,イルミネの特集記事,イルミネ的专题文章
speaker,インストラクター,讲师
speaker,インタビュアー,采访者
speaker,インタビュー,采访
speaker,インタビュー記事,采访文章
speaker,インターネットの記事,互联网文章
speaker,インフォメーション,信息
speaker,インフルエンサー,网红
speaker,ウェイター,服务员
speaker,ウェブの記事,网络文章
speaker,エミリア,艾米莉亚
speaker,エリザベス,伊丽莎白
speaker,エレベーター内の一同,电梯内的众人
speaker,エンジニア,工程师
speaker,エージェント?Ｓ,特工S
speaker,オウム,鹦鹉
speaker,オニ,鬼
speaker,オペレーター,操作员
speaker,オリーブ,橄榄
speaker,オーディオプレイヤー,音频播放器
speaker,オーディション審査員,选秀评委
speaker,オーディション担当,选秀负责人
speaker,オーナー,庄主
speaker,カウンタースタッフ,柜台工作人员
speaker,カニキング,蟹王
speaker,カニ？,螃蟹？
speaker,カフェの店員,咖啡店店员
speaker,カフェ店員,咖啡店店员
speaker,カホ,“果穗”
speaker,カホ＆ジュリ,“果穗”＆“树里”
speaker,カホ＆ジュリ＆ナツハ,“果穗”＆“树里”＆“夏叶”
speaker,カホ＆チヨコ,“果穗”＆“智代子”
speaker,カホ＆チヨコ＆ジュリ,“果穗”＆“智代子”＆“树里”
speaker,カホ＆ナツハ,“果穗”＆“夏叶”
speaker,カホ＋リンゼ＋ナツハ,“果穗”＆“凛世”＆“夏叶”
speaker,カメラを持った男,拿着相机的男人
speaker,カメラマン,摄影师
speaker,カメラマンの声,摄影师的声音
speaker,カメラマン（現在）,摄影师（现在）
speaker,カメラマン１,摄影师1
speaker,カメラマン２,摄影师2
speaker,カメリア,山茶花
speaker,カメリア役のふたり,饰演山茶花的两人
speaker,カラオケ店スタッフ,卡拉OK店工作人员
speaker,カンペ,翻页提示板
speaker,カードの文面,卡片文字内容
speaker,カーナビの音声,车载导航语音
speaker,ガソリンスタンド店員,加油站店员
speaker,ガーベラ,非洲菊
speaker,キッズ,孩子们
speaker,キッズインタビュー,儿童采访
speaker,キティ,凯蒂
speaker,キャスター,播报员
speaker,キャスト,演员
speaker,キャロル隊,圣歌队
speaker,キリコ,“雾子”
speaker,ギグ企画スタッフ,演出策划工作人员
speaker,ギタリスト,吉他手
speaker,ギタリスト兼作曲担当,兼任作曲的吉他手
speaker,ギャル風の女性１,辣妹风格的女性1
speaker,ギャル風の女性２,辣妹风格的女性2
speaker,クマ,熊
speaker,クライアント,客户
speaker,クラスメイト,同班同学
speaker,クラスメイトA,同班同学A
speaker,クラスメイトB,同班同学B
speaker,クラスメイトたち,同班同学们
speaker,クラスメイト１,同班同学1
speaker,クラスメイト１の彼氏,同班同学1的男朋友
speaker,クラスメイト２,同班同学2
speaker,クラスメイト３,同班同学3
speaker,クラスメイト４,同班同学4
speaker,クラスメイト５,同班同学5
speaker,クラスメイト６,同班同学6
speaker,クラスメイト７,同班同学7
speaker,クラスメイト８,同班同学8
speaker,クラスメートたち,同班同学们
speaker,クラス委員,班级委员
speaker,クラブイベントの客１,俱乐部活动的客人1
speaker,クラブイベントの客２,俱乐部活动的客人2
speaker,クラブイベントの客３,俱乐部活动的客人3
speaker,クラブイベントの客４,俱乐部活动的客人4
speaker,クラブイベントの客５,俱乐部活动的客人5
speaker,クリニック講師,诊所讲师
speaker,クリーニング店受付,干洗店接待员
speaker,クリーニング店員,干洗店店员
speaker,クリーニング店員１,干洗店店员1
speaker,クリーニング店員２,干洗店店员2
speaker,クリーニング店店長,干洗店店长
speaker,クルー,船员
speaker,クールなアイドル,高冷的偶像
speaker,グラウンドの選手,操场上的选手
speaker,グルメ番組の音声,美食节目语音
speaker,グループ長,组长
speaker,ケチ兵衛,吝兵卫
speaker,ゲスト,嘉宾
speaker,ゲストの女優,嘉宾女演员
speaker,ゲストの女医,嘉宾女医生
speaker,ゲストの料理家,嘉宾厨师
speaker,ゲームの関係者,游戏相关人员
speaker,ゲーム仲間たち,游戏伙伴们
speaker,ゲーム内アナウンス,游戏内广播
speaker,ゲーム画面,游戏画面
speaker,ゲーム音声,游戏语音
speaker,コガネ,“恋钟”
speaker,コガネ＆マミミ,“恋钟”＆“摩美美”
speaker,コスメブランドスタッフ,化妆品品牌工作人员
speaker,コメンテーター,评论员
speaker,コメント,评论
speaker,コメント１,评论1
speaker,コメント２,评论2
speaker,コンテの先生,讲台的老师
speaker,コンビニの店員,便利店店员
speaker,コンビニ店員,便利店店员
speaker,コーチ,教练
speaker,サクヤ,“咲耶”
speaker,サクヤ＆ユイカ,“”咲耶＆“结华”
speaker,サッカー部の女子,足球部的女生
speaker,サラリーマンふうの客,上班族风格的客人
speaker,サンタの店員,圣诞老人装扮的店员
speaker,サークルの友人,社团的朋友
speaker,シャーロット,夏洛特
speaker,ショップスタッフ,商店工作人员
speaker,ショップスタッフ１,商店工作人员1
speaker,ショップスタッフ２,商店工作人员2
speaker,ショップスタッフ３,商店工作人员3
speaker,ショップスタッフ４,商店工作人员4
speaker,ショップスタッフ５,商店工作人员5
speaker,ショップ店員,商店店员
speaker,ショップ店員１,商店店员1
speaker,ショップ店員２,商店店员2
speaker,シロ,小白
speaker,シーズ,SHHis
speaker,ジェーン,简
speaker,ジャスティスパープル,正义紫
speaker,ジャスティスレッド,正义红
speaker,ジュリ,“树里”
speaker,ジュリ＆ナツハ,“树里”＆“夏叶”
speaker,スカウトの男,星探的男人
speaker,スカウトの男性,星探的男性
speaker,スカウトマン,星探
speaker,スカッシュ,鲜榨
speaker,スクラップブック表紙,剪贴簿封面
speaker,スタイリスト,造型师
speaker,スタイリストら,造型师们
speaker,スタイリスト＆スタッフ,造型师＆工作人员
speaker,スタジオスタッフ,演播室工作人员
speaker,スタジオ関係者,演播室相关人员
speaker,スタッフ,工作人员
speaker,スタッフA,工作人员A
speaker,スタッフA＆B,工作人员A＆B
speaker,スタッフB,工作人员B
speaker,スタッフC,工作人员C
speaker,スタッフたち,工作人员们
speaker,スタッフと話す声,与工作人员交谈的声音
speaker,スタッフの声,工作人员的声音
speaker,スタッフの無線,工作人员的对讲机
speaker,スタッフ一同,全体工作人员
speaker,スタッフ１,工作人员1
speaker,スタッフ２,工作人员2
speaker,スタッフ３,工作人员3
speaker,スタッフ４,工作人员4
speaker,スタッフ５,工作人员5
speaker,スタッフ６,工作人员6
speaker,スタッフ７,工作人员7
speaker,スタッフＡ,工作人员A
speaker,スタッフＢ,工作人员B
speaker,スターター,发令员
speaker,ステージスタッフ,舞台工作人员
speaker,ステージスタッフ１,舞台工作人员1
speaker,ステージスタッフ２,舞台工作人员2
speaker,ステージスタッフ３,舞台工作人员3
speaker,ステージスタッフ４,舞台工作人员4
speaker,ステージ主催者,舞台主办方
speaker,ストバスの先輩,街头篮球的前辈
speaker,ストバスの少年,街头篮球的少年
speaker,ストレイライト,Straylight
speaker,スナックのママ,小酒馆的老板娘
speaker,スポンサー,赞助商
speaker,スポンサー企業,赞助企业
speaker,スポンサー企業広報,赞助企业宣传
speaker,スポンサー担当者,赞助商负责人
speaker,スポーツ紙,体育报纸
speaker,スポーツ紙記事,体育报纸文章
speaker,スマホからの音声,从手机传来的声音
speaker,スマホの画面表示,手机的屏幕显示
speaker,スマホの通知,手机的通知
speaker,スマレの通知欄,手机的通知栏
speaker,スマホの音声,手机的语音
speaker,スマホを構えた男性,端着手机的男性
speaker,スマホニュース,手机新闻
speaker,スマホ画面,手机屏幕
speaker,スローガン,标语
speaker,スーパーの同僚,超市的同事
speaker,スーパーの店員,超市的店员
speaker,スーパー店員,超市店员
speaker,センターアイドル,C位偶像
speaker,ソフィア,索菲亚
speaker,ソラファド,索拉法多
speaker,ソラファドのファン１,索拉法多的粉丝1
speaker,ソラファドのファン２,索拉法多的粉丝2
speaker,ソラファドのファン３,索拉法多的粉丝3
speaker,ソーダ,苏打
speaker,タクシーの運転手,出租车司机
speaker,タクシーアプリ,出租车应用
speaker,タクシードライバー,出租车司机
speaker,タクシー運転手,出租车司机
speaker,タレント,艺人
speaker,タレントたち,艺人们
speaker,タレント１,艺人1
speaker,タレント２,艺人2
speaker,ターゲット,目标
speaker,ダリア,达莉亚
speaker,ダリア役のふたり,饰演达莉亚的两人
speaker,ダンサー,舞者
speaker,ダンサーたち,舞者们
speaker,ダンサー仲間１,舞者伙伴1
speaker,ダンサー仲間２,舞者伙伴2
speaker,ダンサー仲間３,舞者伙伴3
speaker,ダンサー側スタッフ,舞者方的工作人员
speaker,ダンサー１,舞者1
speaker,ダンサー２,舞者2
speaker,ダンサー３,舞者3
speaker,ダンサー４,舞者4
speaker,ダンストレーナー,舞蹈教练
speaker,ダンス講師,舞蹈讲师
speaker,ダンス講師からのメッセ,从舞蹈讲师来的消息
speaker,チェイン,CHAIN
speaker,チェインのメッセージ,CHAIN的消息
speaker,チェインの文面,CHAIN的文字内容
speaker,チェインの表示,CHAIN的显示
speaker,チョコレート,巧克力
speaker,チヨコ,“智代子”
speaker,チヨコ＆ジュリ,“智代子”＆“树里”
speaker,チームうさちよかめ,Team うさちよかめ
speaker,チームまりあ,Team MARIA
speaker,チームピーちゃん,Team 噼酱
speaker,チームヘルメス,Team 赫尔墨斯
speaker,チーム一番星,Team 第一星
speaker,チーム青春ジャージ,Team 青春运动服
speaker,ツイスタ,Twesta
speaker,ツイスタのコメント,Twesta的评论
speaker,ツイスタのコメント１,Twesta的评论1
speaker,ツイスタのコメント２,Twesta的评论2
speaker,ツイスタのコメント３,Twesta的评论3
speaker,ツイスタのコメント４,Twesta的评论4
speaker,ツイスタのコメント５,Twesta的评论5
speaker,ツイスタの投稿,Twesta的投稿
speaker,ツイスタコメント,Twesta评论
speaker,ツイスタ投稿１,Twesta投稿1
speaker,ツイスタ投稿２,Twesta投稿2
speaker,ツイスタ投稿３,Twesta投稿3
speaker,ツバサ,翼
speaker,テキパキしたアイドル,干脆利落的偶像
speaker,テレビ,电视
speaker,テレビCM,电视商业广告
speaker,テレビからの声,从电视传来的声音
speaker,テレビから聞こえる声,从电视能听到的声音
speaker,テレビに映るアイ,在电视上出现的爱
speaker,テレビのニュース,电视新闻
speaker,テレビのミュージシャン,电视上的音乐家
speaker,テレビのレポーター,电视记者
speaker,テレビの声,电视的声音
speaker,テレビの声１,电视的声音1
speaker,テレビの声２,电视的声音2
speaker,テレビの字幕,电视字幕
speaker,テレビの画面,电视画面
speaker,テレビの音,电视的声音
speaker,テレビの音声,电视的语音
speaker,テレビアニメ,TV动画
speaker,テレビスタッフ,电视工作人员
speaker,テレビマン,电视人
speaker,テレビ局スタッフ,电视台工作人员
speaker,テレビ局員,电视台职员
speaker,テレビ局部長,电视台部门长
speaker,テレビ番組,电视节目
speaker,テレビ番組の司会者,电视节目的主持人
speaker,テレビ番組の有名人,电视节目的名人
speaker,テレビ番組の音声,电视节目的语音
speaker,テロップ,滚动字幕
speaker,テーマパーク社員,主题公园员工
speaker,ディレクター,导演
speaker,ディレクターふうの男性,有导演风格的男性
speaker,ディレクター１,导演1
speaker,ディレクター２,导演2
speaker,デザイナー,设计师
speaker,デスクに置かれたメモ,放在桌上的便签
speaker,デビ太郎,恶魔太郎
speaker,デビ太郎好きの女の子,喜欢恶魔太郎的女孩子
speaker,デビ太郎好きの学生,喜欢恶魔太郎的学生
speaker,デビ太郎好きの少年,喜欢恶魔太郎的少年
speaker,トレーナー,训练师
speaker,ト書き,剧本注释
speaker,ドアの向こうの声,门那边的声音
speaker,ドアの外,门的外面
speaker,ドアの外からの声,从门外传来的声音
speaker,ドア越しのマネージャー,隔着门的经纪人
speaker,ドライなクラスメイト,冷淡的同班同学
speaker,ドライバー,司机
speaker,ドラッグストア店員,药店店员
speaker,ドラマのCM,电视剧广告
speaker,ドラマのスタッフ,电视剧的工作人员
speaker,ドラマのディレクター,电视剧的导演
speaker,ドラマの声,电视剧的声音
speaker,ドラマの監督,电视剧的导演
speaker,ドラマプロデューサー,电视剧制作人
speaker,ドラマ公式アカウント,电视剧官方账号
speaker,ナツハ,“夏叶”
speaker,ナレーション,旁白
speaker,ニュースの音声,新闻的语音
speaker,ニュースを読む声,读新闻的声音
speaker,ニュース番組リポーター,新闻节目记者
speaker,ニュース記事,新闻文章
speaker,ニュース記事見出し１,新闻文章标题1
speaker,ニュース記事見出し２,新闻文章标题2
speaker,ネットの記事,网络文章
speaker,ネットニュース,网络新闻
speaker,ネットニュースの記事,网络新闻的文章
speaker,ノクチル,noctchill
speaker,ノートの付箋,笔记便签
speaker,ノートの表紙,笔记本的封面
speaker,ハガキの文面,明信片的文字内容
speaker,ハリネズミくん,刺猬君
speaker,バイト仲間,打工伙伴
speaker,バイト先の先輩,打工处的前辈
speaker,バスのアナウンス,公交车的广播
speaker,バスの運転手,公交车司机
speaker,バスケ部の先輩,篮球部的前辈
speaker,バスケ部の女子,篮球部的女生
speaker,バスケ部員,篮球部成员
speaker,バラエティ司会,综艺节目的主持人
speaker,バラエティ司会者,综艺节目的主持人
speaker,バラエティ番組,综艺节目
speaker,バラエティ番組の音声,综艺节目的语音
speaker,バラエティ番組司会,综艺节目主持
speaker,バンドマン１,乐队成员1
speaker,バンドマン２,乐队成员2
speaker,バーテンダー,调酒师
speaker,パインくんれんせい,菠萝训练生
speaker,パソコンの画面,电脑的屏幕
speaker,パパ,爸爸
speaker,パンダカーの音声,熊猫车的语音
speaker,パン屋の店員,面包店店员
speaker,パーソナリティー,电台主持人
speaker,パーティーの主宰,派对的东道主
speaker,パーティーの客,派对的客人
speaker,パーティーの客10,派对的客人10
speaker,パーティーの客11,派对的客人11
speaker,パーティーの客12,派对的客人12
speaker,パーティーの客13,派对的客人13
speaker,パーティーの客14,派对的客人14
speaker,パーティーの客15,派对的客人15
speaker,パーティーの客16,派对的客人16
speaker,パーティーの客17,派对的客人17
speaker,パーティーの客１,派对的客人1
speaker,パーティーの客２,派对的客人2
speaker,パーティーの客３,派对的客人3
speaker,パーティーの客４,派对的客人4
speaker,パーティーの客５,派对的客人5
speaker,パーティーの客６,派对的客人6
speaker,パーティーの客７,派对的客人7
speaker,パーティーの客８,派对的客人8
speaker,パーティーの客９,派对的客人9
speaker,パーティー参加者,派对参与者
speaker,パーティ司会,派对主持
speaker,ヒオリ,“灯织”
speaker,ヒオリのクラスメイト１,“灯织”的同班同学1
speaker,ヒオリのクラスメイト２,“灯织”的同班同学2
speaker,ヒマワリ,向日葵
speaker,ヒマワリ役のふたり,饰演向日葵的两人
speaker,ヒロイン,女主角
speaker,ビラ配り,发传单的
speaker,ビラ配りの男,发传单的男人
speaker,ピアスの女性,戴耳环的女性
speaker,ピアノ生徒,学钢琴的学生
speaker,ピアノ生徒の保護者,学钢琴的学生的监护人
speaker,ピアノ生徒の保護者１,学钢琴的学生的监护人1
speaker,ピアノ生徒の保護者２,学钢琴的学生的监护人2
speaker,ピアノ生徒の保護者３,学钢琴的学生的监护人3
speaker,ピアノ生徒の保護者４,学钢琴的学生的监护人4
speaker,ファシリテーター,活动介绍人
speaker,ファッション誌スタッフ,时尚杂志工作人员
speaker,ファミレス店員,家庭餐厅店员
speaker,ファン,粉丝
speaker,ファン3,粉丝3
speaker,ファンA,粉丝A
speaker,ファンB,粉丝B
speaker,ファンたち,粉丝们
speaker,ファンの友人,粉丝的朋友
speaker,ファンの声,粉丝的声音
speaker,ファンの声援,粉丝的助威声
speaker,ファンの声１,粉丝的声音1
speaker,ファンの声２,粉丝的声音2
speaker,ファンの女性,女粉丝
speaker,ファンの男性,男粉丝
speaker,ファンレター,粉丝来信
speaker,ファンレター１,粉丝来信1
speaker,ファンレター２,粉丝来信2
speaker,ファンレター３,粉丝来信3
speaker,ファン１,粉丝1
speaker,ファン２,粉丝2
speaker,フォロワー,关注者
speaker,フクロウ,猫头鹰
speaker,フラワーショップ店長,花店店长
speaker,フリップの文字,翻页提示板的文字
speaker,フロアの先輩１,楼层的前辈1
speaker,フロアの先輩２,楼层的前辈2
speaker,フロアの先輩３,楼层的前辈3
speaker,フロアスタッフ,楼层工作人员
speaker,フロアマネージャー,楼层经理
speaker,フロントスタッフ,前台工作人员
speaker,ブライダルスタッフ,婚庆工作人员
speaker,ブランドの担当者,品牌负责人
speaker,ブルゾンの男性,穿夹克的男性
speaker,ブース内,展位内
speaker,プッシュ通知,推送通知
speaker,プラカード,标语牌
speaker,プリン,布丁
speaker,プリン＆アンニン,布丁＆杏仁
speaker,プレゼン番組の音声,展示节目语音
speaker,プロデューサー,制作人
speaker,プロデューサーたち,制作人们
speaker,プロデューサーの文面,制作人的文字内容
speaker,プロデューサーの連絡,制作人的联络
speaker,プロデューサー＆あさひ,制作人＆朝日
speaker,プロデューサー＆円香,制作人＆圆香
speaker,プロデューサー＆冬優子,制作人＆冬优子
speaker,プロデューサー＆夏葉,制作人＆夏叶
speaker,プロデューサー＆甜花,制作人＆甜花
speaker,プロランナー,职业跑者
speaker,ヘアメイク,发型设计
speaker,ヘアメイクスタッフ,发型设计工作人员
speaker,ヘッドホンの音,耳机的声音
speaker,ベテランアイドル,资深偶像
speaker,ベテラン女優,资深女演员
speaker,ベビーカーを押す男性,推婴儿车的男性
speaker,ペットショップの店員,宠物店店员
speaker,ペットショップ店員,宠物店店员
speaker,ペンギン,企鹅
speaker,ペンギンたち,企鹅们
speaker,ホテルの支配人,酒店经理
speaker,ホテルスタッフ,酒店工作人员
speaker,ホワイトボードの文字,白板上的文字
speaker,ホームアナウンス,站内广播
speaker,ボイストレーナー,发声训练师
speaker,ボス,老板
speaker,ボランティアスタッフ,志愿者工作人员
speaker,ボーイ,男孩
speaker,ボーカリスト,歌手
speaker,ボーカルトレーナー,声乐教练
speaker,ボーカル兼リーダー,主唱兼领队
speaker,ボーカル講师,声乐讲师
speaker,ボーカル＆ギタリスト,主唱＆吉他手
speaker,ポスター,海报
speaker,ポップの文章,展板的文章
speaker,ポップの文言,展板的语句
speaker,ポップアップ,弹出窗口
speaker,マネージャー,经纪人
speaker,マネージャーのメモ,经纪人的便签
speaker,マネージャー（留守電）,经纪人（语音留言）
speaker,マノ,“真乃”
speaker,ママ,妈妈
speaker,マミミ,“摩美美”
speaker,マメ丸,豆丸
speaker,マーレイ,玛蕾
speaker,ミュージシャン,音乐家
speaker,メアリー,玛丽
speaker,メイクスタッフ,化妆师
speaker,メイクスタッフ１,化妆师1
speaker,メイクスタッフ２,化妆师2
speaker,メイク担当,化妆负责人
speaker,メイド,女仆
speaker,メイドA,女仆A
speaker,メイドB,女仆B
speaker,メイドカフェスタッフ,女仆咖啡馆工作人员
speaker,メイドカフェスタッフA,女仆咖啡馆工作人员A
speaker,メイドカフェスタッフB,女仆咖啡馆工作人员B
speaker,メイド役の女優,饰演女仆的女演员
speaker,メイド長,女仆长
speaker,メグル,“巡”
speaker,メッセのテキスト,消息的文本
speaker,メッセの文言,消息的语句
speaker,メッセージ,消息
speaker,メッセージカード,留言卡片
speaker,メッセージボード,留言板
speaker,メディア記者,媒体记者
speaker,メモ,便签
speaker,メモの文字,便签的文字内容
speaker,メーカー担当者,制造商负责人
speaker,メール,邮件
speaker,メールの文面,邮件的文字内容
speaker,モデル,模特
speaker,モデルたち,模特们
speaker,モデルのファン１,模特的粉丝1
speaker,モデルのファン２,模特的粉丝2
speaker,モデルふうの女性,模特风格的女性
speaker,モデルタレント,模特艺人
speaker,モデルタレントたち,模特艺人们
speaker,モデルタレント１,模特艺人1
speaker,モデルタレント２,模特艺人2
speaker,モデル１,模特1
speaker,モデル２,模特2
speaker,モニターからの音声,从显示器传来的声音
speaker,モニタータレント,屏幕艺人 待查
speaker,モニター芸人,屏幕艺人 待查
speaker,モモ,小桃
speaker,モモ役の女優,饰演小桃的女演员
speaker,ユイカ,“结华”
speaker,ユウコ,“裕子”
speaker,ユウコ＆主治医,“裕子”＆主治医生 
speaker,ユナ,由奈
speaker,ユナのマネージャー,由奈的经纪人
speaker,ユナの友達,由奈的朋友
speaker,ユナの友達の母親,由奈朋友的母亲
speaker,ユナ＆ユナの友達,由奈＆由奈的朋友
speaker,ライター,撰稿人
speaker,ライター仲間,撰稿人伙伴
speaker,ライブハウスのオーナー,LIVEHOUSE的老板
speaker,ライブハウスの客たち,LIVEHOUSE的客人们
speaker,ライブハウスの客１,LIVEHOUSE的客人1
speaker,ライブハウスの客２,LIVEHOUSE的客人2
speaker,ライブハウスの客３,LIVEHOUSE的客人3
speaker,ライブハウスの客４,LIVEHOUSE的客人4
speaker,ライブハウスの客５,LIVEHOUSE的客人5
speaker,ライブハウススタッフ,LIVEHOUSE工作人员
speaker,ライブハウス受付,LIVEHOUSE接待处
speaker,ライブハウス店主,LIVEHOUSE店主
speaker,ライブハウス店長１,LIVEHOUSE店长1
speaker,ライブハウス店長２,LIVEHOUSE店长2
speaker,ラジオ,电台广播
speaker,ラジオDJ,电台DJ
speaker,ラジオMC,电台主持人
speaker,ラジオのスタッフ,电台工作人员
speaker,ラジオの声,电台广播的声音
speaker,ラジオの音,电台广播的声音
speaker,ラジオの音声,电台广播的语音
speaker,ラジオの音声（夏葉）,电台广播的语音（夏叶）
speaker,ラジオの音楽,电台广播的音乐
speaker,ラジオスタッフ,电台工作人员
speaker,ラジオディレクター,电台导演
speaker,ラジオパーソナリティ,电台主持人
speaker,ラジオパーソナリティー,电台主持人
speaker,ラジオ局スタッフ,广播电台工作人员
speaker,ラジオ局職員１,广播电台职员1
speaker,ラジオ局職员２,广播电台职员2
speaker,ラジオ番組,电台广播节目
speaker,ラジオ番組の構成作家,电台广播节目的编剧
speaker,ラジオ番組ディレクター,电台节目导演
speaker,リスナー,听众
speaker,リスナー１,听众1
speaker,リスナー２,听众2
speaker,リスナー３,听众3
speaker,リスナー４,听众4
speaker,リディア,莉迪亚
speaker,リビングの声,客厅传来的声音
speaker,リポーター,记者
speaker,リリア,莉莉娅
speaker,リリア＆マーレイ,莉莉娅＆玛蕾
speaker,リンゼ,“凛世”
speaker,リーダーの少女,领队的少女
speaker,ルカ,路加
speaker,ルカによる引用投稿,路加的引用投稿
speaker,ルカのSNS,路加的社交账号
speaker,ルカのSNS投稿,路加的社交账号投稿
speaker,ルカのファン,路加的粉丝
speaker,ルカのファンたち,路加的粉丝们
speaker,ルカのファン１,路加的粉丝1
speaker,ルカのファン２,路加的粉丝2
speaker,ルカのファン３,路加的粉丝3
speaker,ルカのメッセージ,路加的消息
speaker,ルカの元マネージャー,路加的前任经纪人
speaker,ルカの投稿,路加的投稿
speaker,ルカの母,路加的母亲
speaker,ルカの母親,路加的母亲
speaker,ルカの発言,路加的发言
speaker,ルカの過去のSNS投稿,路加过去的社交账号投稿
speaker,ルカ事務所スタッフ１,路加事务所工作人员1
speaker,ルカ事務所スタッフ２,路加事务所工作人员2
speaker,ルカ事務所スタッフ３,路加事务所工作人员3
speaker,ルカ事務所スタッフ４,路加事务所工作人员4
speaker,ルカ事務所スタッフ５,路加事务所工作人员5
speaker,ルカ事務所スタッフ６,路加事务所工作人员6
speaker,ルカ事務所スタッフ７,路加事务所工作人员7
speaker,ルカ事務所社長,路加事务所社长
speaker,ルカ＆羽那,路加＆羽那
speaker,ルクア,待查
speaker,ルビー,露比
speaker,ルビー＆MEMちょ,露比＆MEM啾
speaker,ルビー＆かな,露比＆加奈
speaker,ルビー＆プロデューサー,露比＆制作人
speaker,ルビー＆冬優子,露比＆冬优子
speaker,ルポライター,纪实作家
speaker,レコードのタイトル,唱片的标题
speaker,レコード会社ベテランD,唱片公司资深总监
speaker,レコード店スタッフ,唱片店工作人员
speaker,レコード関係者,唱片相关人员
speaker,レコード関係者１,唱片相关人员1
speaker,レコード関係者２,唱片相关人员2
speaker,レジスタッフ,收银台工作人员
speaker,レストランオーナー,餐厅老板
speaker,レッスン場スタッフ,授课场所工作人员
speaker,レッスン生,学员
speaker,レポート,报告
speaker,レース作家,赛事撰稿人
speaker,ロアくん,罗亚君
speaker,ロッジの管理人,旅馆的管理员
speaker,ロングヘアのアイドル,长发偶像
speaker,ロングヘアの女性,长发女性
speaker,一同,众人
speaker,一年生たち,一年级学生们
speaker,一年生１,一年级学生1
speaker,一年生２,一年级学生2
speaker,七草弁護士,七草律师
speaker,三つ編みのアイドル,梳麻花辫的偶像
speaker,三女,三女儿
speaker,上司,上司
speaker,上級生,高年级学生
speaker,下校する生徒,放学的学生
speaker,下級生１,低年级学生1
speaker,下級生２,低年级学生2
speaker,不動産店スタッフ,房产销售
speaker,不動産担当,房产负责人
speaker,不安そうなアイドル,看起来不安的偶像
speaker,不審な男,可疑的男人
speaker,世界史教師,世界史教师
speaker,世界史教諭,世界史教师
speaker,中古CDショップの客,二手CD店的顾客
speaker,中古CDショップ店員,二手CD店店员
speaker,中堅アイドルグループ,中流偶像团体
speaker,中学生,中学生
speaker,中学生くらいの少女,大约中学生年纪的少女
speaker,中学生モデル,中学生模特
speaker,中学生１,中学生1
speaker,中学生２,中学生2
speaker,中年の男性,中年男性
speaker,中年女性,中年女性
speaker,中継スタッフ,转播工作人员
speaker,串焼きの屋台の店主,烤串摊的摊主
speaker,主人公,主人公
speaker,主人公のナレーション,主人公的旁白
speaker,主催者,主办者
speaker,主治医,主治医生
speaker,主演,主演
speaker,主演のアイドル,主演的偶像
speaker,主演俳優,主演演员
speaker,乗務員一同,乘务员们
speaker,乗客,乘客
speaker,乗客の女性１,乘客中的女性1
speaker,乗客の女性２,乘客中的女性2
speaker,乗客１,乘客1
speaker,乗客２,乘客2
speaker,亀,乌龟
speaker,予定表,日程表
speaker,事務局スタッフ,事务局工作人员
speaker,事務所社長,事务所社长
speaker,事務長,事务长
speaker,事業部長,事业部部长
speaker,二つ結びのアイドル,扎双马尾的偶像
speaker,五女,五女儿
speaker,五女＆三女,五女儿＆三女儿
speaker,人気モデル,人气模特
speaker,人気者のクラスメイト,受欢迎的同班同学
speaker,仔馬,小马驹
speaker,仕事仲間,工作伙伴
speaker,仕切り役のスタッフ,起主导作用的工作人员
speaker,他事務所のアイドル,其他事务所的偶像
speaker,他事務所の知人,其他事务所的熟人
speaker,他事務所の面接官,其他事务所的面试官
speaker,他店１店員,其他店的店员1
speaker,他店２店員,其他店的店员2
speaker,付き人,随从
speaker,代官,代官
speaker,代理店ディレクター,代理店总监
speaker,代理店営業,代理店营业人员
speaker,代理店担当者,代理店负责人
speaker,仲間,伙伴
speaker,件名,邮件主题
speaker,企業の広報担当,企业的宣传负责人
speaker,企業公式の投稿,企业官方的投稿
speaker,企業担当,企业负责人
speaker,企業担当者メール,企业负责人的邮件
speaker,企業社長,企业社长
speaker,企業職員,企业职员
speaker,企画ディレクター,策划导演
speaker,企画担当,策划负责人
speaker,企画担当者,策划负责人
speaker,企画書,策划书
speaker,企画資料,策划资料
speaker,会場,会场
speaker,会場のアイドルたち,会场的偶像们
speaker,会場のポスター,会场的海报
speaker,会場スタッフ,会场工作人员
speaker,会場スタッフ１,会场工作人员1
speaker,会場スタッフ２,会场工作人员2
speaker,会社員,公司职员
speaker,会議進行役,会议主持人
speaker,会長の妻,会长的妻子
speaker,住民１,居民1
speaker,住民２,居民2
speaker,住民３,居民3
speaker,体育教師,体育教师
speaker,体育祭のアナウンス,体育节的广播
speaker,体育祭アナウンス,体育节广播
speaker,体育祭実行委員,体育节执行委员
speaker,作業員,作业人员
speaker,依頼状の文言,委托书的文字内容
speaker,係員,工作人员
speaker,保育士,幼儿园老师
speaker,信重役の俳優,信重的扮演者
speaker,信重役の役者,信重的扮演者 
speaker,修学旅行生A,修学旅行生A
speaker,修学旅行生B,修学旅行生B
speaker,修学旅行生たち,修学旅行的学生们
speaker,修学旅行生１,修学旅行生1
speaker,修学旅行生２,修学旅行生2
speaker,修学旅行生３,修学旅行生3
speaker,俳優一同,演员们
speaker,俳優１,演员1
speaker,俳優２,演员2
speaker,偉い人,大人物
speaker,優しそうなアイドル,很温柔的偶像
speaker,元事務所のタレント,原事务所的艺人
speaker,元事務所仲間,原事务所的伙伴
speaker,元同級生,以前的同班同学
speaker,元気な声,有活力的声音
speaker,兄,哥哥
speaker,先導スタッフ,引导工作人员
speaker,先方の担当者,对方的负责人
speaker,先日のスタッフ,前些日子的工作人员
speaker,先生,老师
speaker,先生＆生徒たち,老师＆学生们
speaker,先輩,前辈
speaker,先輩アイドル,前辈偶像
speaker,先輩店員,前辈店员
speaker,兎面の少女,戴兔子面具的少女
speaker,兎面の少女たち,戴兔子面具的少女们
speaker,兎面の少女２,戴兔子面具的少女2
speaker,児童クラブの先生,儿童俱乐部的老师
speaker,入り口の看板,入口处的招牌
speaker,八尾のにいに,在八尾的阿哥
speaker,八雲なみ,八云浪美
speaker,公園の子どもたち,公园里的孩子们
speaker,公開録音MC1,公开录音主持人1
speaker,公開録音MC2,公开录音主持人2
speaker,共演したアイドル,共同出演的偶像
speaker,共演者,共同出演者
speaker,共演者たち,共同出演者们
speaker,共演者?スタッフたち,共同出演者?工作人员们
speaker,共演者１,共同出演者1
speaker,共演者２,共同出演者2
speaker,共演者３,共同出演者3
speaker,内科医,内科医生
speaker,円香,圆香
speaker,円香の母,圆香的母亲
speaker,円香の父,圆香的父亲
speaker,円香＆プロデューサー,圆香＆制作人
speaker,円香＆ラジオMC,圆香＆电台主持人
speaker,円香＆ルカ,圆香＆路加
speaker,円香＆小糸,圆香＆小丝
speaker,円香＆小糸＆雛菜,圆香＆小丝＆雏菜
speaker,円香＆雛菜,圆香＆雏菜
speaker,写真シールの音声,写真贴纸的语音
speaker,写真家,摄影师
speaker,写真店スタッフ,照相馆工作人员
speaker,写真館の主人,照相馆的老板
speaker,冬優子,冬优子
speaker,冬優子の友人１,冬优子的朋友1
speaker,冬優子の友人２,冬优子的朋友2
speaker,冬優子の友人３,冬优子的朋友3
speaker,冬優子の母,冬优子的母亲
speaker,冬優子＆あさひ,冬优子＆朝日
speaker,冬優子＆トレーナー,冬优子＆训练师
speaker,冬優子＆プロデューサー,冬优子＆制作人
speaker,冬優子＆中学生,冬优子＆中学生
speaker,冬優子＆主人公,冬优子＆主人公
speaker,冬優子＆同級生１＆２,冬优子＆同班同学1＆2
speaker,冬優子＆同級生２,冬优子＆同班同学2
speaker,冬優子＆愛依,冬优子＆爱依
speaker,冬優子＆翼,冬优子＆翼
speaker,凛世,凛世
speaker,凛世のいとこたち,凛世的堂表兄弟姐妹们
speaker,凛世のいとこ１,凛世的堂表兄弟姐妹1
speaker,凛世のいとこ２,凛世的堂表兄弟姐妹2
speaker,凛世のいとこ３,凛世的堂表兄弟姐妹3
speaker,凛世のいとこ４,凛世的堂表兄弟姐妹4
speaker,凛世のおばさま,凛世的伯母
speaker,凛世の友人たち,凛世的朋友们
speaker,凛世の姉,凛世的姐姐
speaker,凛世の母,凛世的母亲
speaker,凛世の父,凛世的父亲
speaker,凛世の父＆凛世の母,凛世的父亲＆凛世的母亲
speaker,凛世＆ダンストレーナー,凛世＆舞蹈教练
speaker,凛世＆プロデューサー,凛世＆制作人
speaker,凛世＆主人公,凛世＆主人公
speaker,凛世＆夏葉,凛世＆夏叶
speaker,凛世＆小糸,凛世＆小丝
speaker,凛世＆愛依,凛世＆爱依
speaker,凛世＆甘奈,凛世＆甘奈
speaker,凛世＆番組ディレクター,凛世＆节目导演
speaker,凛世＆透＆小糸,凛世＆透＆小丝
speaker,凛世＆高校生たち,凛世＆高中生们
speaker,出場者一同,参赛者们
speaker,出席者１,出席者1
speaker,出席者２,出席者2
speaker,出席者３,出席者3
speaker,出演者,出演者
speaker,出演者たち,出演者们
speaker,出演者ら一同,出演者们一起
speaker,出演者一同,出演者们
speaker,出演者１,出演者1
speaker,出演者２,出演者2
speaker,出演者Ａ,出演者A
speaker,出演者Ｂ,出演者B
speaker,出版社のスタッフ,出版社工作人员
speaker,出版社社員,出版社职员
speaker,刑事,刑警
speaker,別の教師,别的老师
speaker,別クラス担任,别的班级班主任
speaker,別事務所のマネージャー,别的事务所的经纪人
speaker,制作アシスタント,制作助理
speaker,制作スタッフ,制作工作人员
speaker,制作スタッフ１,制作工作人员1
speaker,制作スタッフ２,制作工作人员2
speaker,制作プロデューサー,制作制作人
speaker,制作会社スタッフ,制作公司工作人员
speaker,制作会社ディレクター,制作公司导演
speaker,制作会社社員,制作公司职员
speaker,副会長,副会长
speaker,副部長,副部长
speaker,劇場売店の女性店員,剧场小卖部的女店员
speaker,劇場男性スタッフ,剧场男性工作人员
speaker,助手,助手
speaker,助手の声,助手的声音
speaker,助監督,副导演
speaker,動画,视频
speaker,動画の声,视频的声音
speaker,動画の音声,视频的语音
speaker,動画サイト,视频网站
speaker,動画配信者,视频发布者
speaker,医務担当,医务负责人
speaker,医師,医生
speaker,医者,医生
speaker,医院の人,医院里的人
speaker,千雪,千雪
speaker,千雪＆甘奈,千雪＆甘奈
speaker,千雪の母,千雪的母亲
speaker,千雪＆プロデューサー,千雪＆制作人
speaker,千雪＆ルカ,千雪＆路加
speaker,千雪＆主人公,千雪＆主人公
speaker,千雪＆円香,千雪＆圆香
speaker,千雪＆同心,千雪＆差役
speaker,千雪＆番組MC,千雪＆节目主持人
speaker,千雪＆美琴,千雪＆美琴
speaker,千雪（善）,千雪（善）
speaker,千雪（悪）,千雪（恶）
speaker,半ズボンの男の子,穿短裤的男孩子
speaker,卓上のメモ,桌上的便签
speaker,占いサイト,占卜网站
speaker,占術家,占卜师
speaker,原稿,草稿
speaker,厨房長,厨房长
speaker,参加者たち,参与者们
speaker,参加者ら,参与者们
speaker,友人,朋友
speaker,友人たち,朋友们
speaker,友人１,朋友1
speaker,友人２,朋友2
speaker,友人３,朋友3
speaker,友達の父,朋友的父亲
speaker,叔母,伯母
speaker,取引先のカメラマン,合作方的摄影师
speaker,取引先のスタッフ,合作方的工作人员
speaker,取引先の担当,合作方的负责人
speaker,取引先の社員,合作方的职员
speaker,取引先の社長,合作方的社长
speaker,取引先の部長,合作方的部长
speaker,取引先スタッフ,合作方工作人员
speaker,取引先社長,合作方社长
speaker,取引相手,交易对象
speaker,取材スタッフ,采访工作人员
speaker,受付スタッフ,接待工作人员
speaker,受付担当者,接待负责人
speaker,受講生たち,听课学生们
speaker,受講生１,听课学生1
speaker,受講生２,听课学生2
speaker,受験者たち,考生们
speaker,古文教師,古文教师
speaker,司会,主持人
speaker,司会と子どもたち,主持人＆孩子们
speaker,司会の声,主持人的声音
speaker,司会役の生徒,担任主持人的学生
speaker,司会者,主持人
speaker,司会者の声,主持人的声音
speaker,司会進行,主持进行
speaker,合格通知書,合格通知书
speaker,同僚,同事
speaker,同僚らしき女性,像同事的女性
speaker,同僚マネージャー,同事经纪人
speaker,同心,差役
speaker,同級生,同班同学
speaker,同級生の男子,同班的男生
speaker,同級生１,同班同学1
speaker,同級生１＆２,同班同学1＆2
speaker,同級生２,同班同学2
speaker,同級生３,同班同学3
speaker,吹奏楽部の女子たち,吹奏乐部的女生们
speaker,吹奏楽部の女子１,吹奏乐部的女生1
speaker,吹奏楽部の女子２,吹奏楽部的女生2
speaker,呉服店専務,和服店专务
speaker,呉服店店員,和服店店员 
speaker,周囲の人々,周围的人们
speaker,周囲の参加者,周围的参与者
speaker,周囲の女の子たち,周围的女孩子们
speaker,呼び込みの店員,招揽顾客的店员
speaker,和菓子職人,日式点心师傅
speaker,咲耶,咲耶
speaker,咲耶のファン,咲耶的粉丝
speaker,咲耶のファン１,咲耶的粉丝1
speaker,咲耶のファン２,咲耶的粉丝2
speaker,咲耶の友達,咲耶的朋友
speaker,咲耶の友達１,咲耶的朋友1
speaker,咲耶の友達２,咲耶的朋友2
speaker,咲耶の後輩,咲耶的后辈
speaker,咲耶の父,咲耶的父亲
speaker,咲耶の祖母,咲耶的祖母
speaker,咲耶の祖父,咲耶的祖父
speaker,咲耶＆プロデューサー,咲耶＆制作人
speaker,咲耶＆主人公,咲耶＆主人公
speaker,咲耶＆凛世,咲耶＆凛世
speaker,咲耶＆凛世＆小糸,咲耶＆凛世＆小丝
speaker,咲耶＆凛世＆透,咲耶＆凛世＆透
speaker,咲耶＆摩美々,咲耶＆摩美美
speaker,咲耶＆樹里＆冬優子,咲耶＆树里＆冬优子
speaker,咲耶＆結華,咲耶＆结华
speaker,咲耶＆結華＆霧子,咲耶＆结华＆雾子
speaker,咲耶＆透,咲耶＆透
speaker,咲耶＆霧子,咲耶＆雾子
speaker,商品のシールの文字,商品贴纸的文字
speaker,商売敵,商业竞争对手
speaker,商店街のおばさん,商业街的阿姨
speaker,商店街の会長,商业街的会长
speaker,善村,善村
speaker,善村とプロデューサー,善村和制作人
speaker,善村記者,善村记者
speaker,営業,营业
speaker,営業部スタッフ,营业部工作人员
speaker,四女,四女儿
speaker,困っている女性,陷入困境的女性
speaker,図工の先生,美术手工课的老师
speaker,図書館スタッフ,图书馆工作人员
speaker,図書館司書,图书馆馆员
speaker,園内放送,园内广播
speaker,園田家,园田家
speaker,土産物店店主,特产店店主
speaker,地の文,描写
speaker,地元のドライバー,当地的司机
speaker,執事,管家
speaker,場内アナウンス,场内广播
speaker,塾の生徒１,补习班的学生1
speaker,塾の生徒２,补习班的学生2
speaker,塾の講師,补习班的讲师
speaker,塾講師,补习班讲师
speaker,壁向こうのマネージャー,墙对面的经纪人
speaker,壁越しの声,隔着墙传来的声音
speaker,声１,声音1
speaker,声１０,声音10
speaker,声２,声音2
speaker,声３,声音3
speaker,声４,声音4
speaker,声５,声音5
speaker,声６,声音6
speaker,声７,声音7
speaker,声８,声音8
speaker,声９,声音9
speaker,売り出し中のタレント,正在崭露头角的艺人
speaker,売り子,售货员
speaker,売店の店員,小卖部的店员
speaker,夏祭のスタッフ１,夏祭的工作人员1
speaker,夏祭のスタッフ２,夏祭的工作人员2
speaker,夏祭のスタッフ３,夏祭的工作人员3
speaker,夏祭のスタッフ４,夏祭的工作人员4
speaker,夏祭の客１,夏祭的客人1
speaker,夏祭の客２,夏祭的客人2
speaker,夏祭の客３,夏祭的客人3
speaker,夏祭の客４,夏祭的客人4
speaker,夏祭の客５,夏祭的客人5
speaker,夏祭の客６,夏祭的客人6
speaker,夏葉,夏叶
speaker,夏葉のチェイン,夏叶的CHAIN
speaker,夏葉のファン,夏叶的粉丝
speaker,夏葉のファンたち,夏叶的粉丝们
speaker,夏葉の兄,夏叶的哥哥
speaker,夏葉の友人,夏叶的朋友
speaker,夏葉の母,夏叶的母亲
speaker,夏葉の父,夏叶的父亲
speaker,夏葉＆プロデューサー,夏叶＆制作人
speaker,夏葉＆主人公,夏叶＆主人公
speaker,夏葉＆冬優子,夏叶＆冬优子
speaker,夏葉＆千雪,夏叶＆千雪
speaker,夏葉＆愛依＆小糸,夏叶＆爱依＆小丝
speaker,夏葉＆甘奈,夏叶＆甘奈
speaker,多人数の息,多数人的气息
speaker,夢追いガール,追梦女孩
speaker,大人しいクラスメイト,文静的同班同学
speaker,大人しそうなアイドル,文静的偶像
speaker,大学の友人,大学的朋友
speaker,大学生１,大学生1
speaker,大学生２,大学生2
speaker,大学生３,大学生3
speaker,大学講師,大学讲师
speaker,大崎家の母,大崎家的母亲
speaker,大崎家の母＆父,大崎家的母亲＆父亲
speaker,大崎家の父,大崎家的父亲
speaker,大御所芸人,大牌艺人
speaker,大歓声,欢呼声
speaker,大泥棒,大盗贼
speaker,大食いタレント,大胃王艺人
speaker,天の声,天之声
speaker,天井,天井
speaker,天使,天使
speaker,天文台スタッフ,天文台工作人员
speaker,天気予報,天气预报
speaker,央路,央路
speaker,央路のSNS,央路的社交账号
speaker,央路のファン１,央路的粉丝1
speaker,央路のファン２,央路的粉丝2
speaker,央路のマネージャー,央路的经纪人
speaker,奇声,奇怪的声音
speaker,契約書の文言,合同的文字内容
speaker,女,女人
speaker,女の子,女孩子
speaker,女の子のマネージャー,女孩子的经纪人
speaker,女の子の母親,女孩子的母亲
speaker,女の子の父親,女孩子的父亲
speaker,女優の投稿,女演员的投稿
speaker,女子,女子
speaker,女子生徒,女学生
speaker,女子生徒A,女学生A
speaker,女子生徒B,女学生B
speaker,女子生徒C,女学生C
speaker,女子生徒D,女学生D
speaker,女子生徒の友達１,女学生的朋友1
speaker,女子生徒の友達２,女学生的朋友2
speaker,女子生徒＆男子生徒,女学生＆男学生
speaker,女子生徒１,女学生1
speaker,女子生徒２,女学生2
speaker,女子生徒３,女学生3
speaker,女子高生,女高中生
speaker,女子高生A,女高中生A
speaker,女子高生B,女高中生B
speaker,女子高生モデル,女高中生模特
speaker,女子高生１,女高中生1
speaker,女子高生２,女高中生2
speaker,女子高生３,女高中生3
speaker,女子高生４,女高中生4
speaker,女将,老板娘
speaker,女性,女性
speaker,女性の乗客,女性乘客
speaker,女性の先輩,女性前辈
speaker,女性の声,女性的声音
speaker,女性の彼氏,女性的男朋友
speaker,女性の観客,女性观众
speaker,女性アナウンサー,女性播音员
speaker,女性スタッフ,女性工作人员
speaker,女性スタッフ１,女性工作人员1
speaker,女性スタッフ２,女性工作人员2
speaker,女性タレント,女性艺人
speaker,女性ファン,女性粉丝
speaker,女性ファン２,女性粉丝2
speaker,女性会社員,女性公司职员
speaker,女性客,女性客人
speaker,女性編集者,女性编辑
speaker,女性１,女性1
speaker,女性２,女性2
speaker,女性３,女性3
speaker,女生徒,女学生
speaker,女生徒A,女学生A
speaker,女生徒B,女学生B
speaker,妹,妹妹
speaker,姉,姐姐
speaker,姉からの連絡,姐姐的联络
speaker,姉の夫,姐姐的丈夫
speaker,姉の書き置き,姐姐的留言条
speaker,委員長,班长
speaker,威勢のいい声,有气势的声音
speaker,娘,女儿
speaker,婦人,妇人
speaker,子ども,孩子
speaker,子どもたち,孩子们
speaker,子どもの声,孩子的声音
speaker,子どもの母,孩子的母亲
speaker,子どもの父親,孩子的父亲
speaker,子ども時代の長女,孩童时期的长女
speaker,子ども１,孩子1
speaker,子ども１＆２,孩子1＆2
speaker,子ども２,孩子2
speaker,子ども３,孩子3
speaker,子ども？,孩子？
speaker,子役,儿童演员
speaker,子連れの母,带着孩子的母亲
speaker,学園祭の客A,学园祭的客人A
speaker,学園祭の客B,学园祭的客人B
speaker,学年主任,学年主任
speaker,学生,学生
speaker,学生たち,学生们
speaker,学生１,学生1
speaker,学生２,学生2
speaker,宅配スタッフ,配送工作人员
speaker,宅配業者,配送从业者
speaker,定食店の店主,定食店的老板 
speaker,定食店の看板,定食店的招牌
speaker,実況,实况转播
speaker,実況の声,实况转播的声音
speaker,実況者,实况转播者
speaker,客,客人
speaker,客たち,客人们
speaker,客の男性,男性客人
speaker,客の連れ,客人的同伴
speaker,客席からの声,从观众席传来的声音
speaker,客席からの声援,从观众席传来的助威声
speaker,客席のアイドル１,观众席的偶像1
speaker,客席のアイドル２,观众席的偶像2
speaker,客席の声,观众席的声音
speaker,客１,客人1
speaker,客２,客人2
speaker,客３,客人3
speaker,客４,客人4
speaker,客５,客人5
speaker,宣伝担当,宣传负责人
speaker,宣伝担当者,宣传负责人
speaker,室内アナウンス,室内广播
speaker,家庭科部の生徒,家政课部的学生
speaker,家政婦,家政人员
speaker,家族,家人
speaker,家電店の店員,家电商店的店员
speaker,宿直室スタッフ,值夜班室的工作人员
speaker,審判,裁判
speaker,審査員,评审员
speaker,審査員１,评审员1
speaker,審査员２,评审员2
speaker,審査員３,评审员3
speaker,寺院の職員,寺院的工作人员
speaker,対戦相手,对战对手
speaker,専門学生,专科学生
speaker,射的の屋台の店主,射击游戏摊的摊主
speaker,小さな声,小小的声音
speaker,小さな女の子,小小的女孩子
speaker,小さな男の子,小小的男孩子
speaker,小学校の先生,小学老师
speaker,小学生の男の子,小学男生
speaker,小学生女子A,小学女生A
speaker,小学生女子B,小学女生B
speaker,小学生女子C,小学女生C
speaker,小学生男子A,小学男生A
speaker,小学生男子B,小学男生B
speaker,小学生男子C,小学男生C
speaker,小糸,小丝
speaker,小糸＆プロデューサー,小丝＆制作人
speaker,小糸のメッセージ,小丝的消息
speaker,小糸の妹,小丝的妹妹
speaker,小糸の担任,小丝的班主任
speaker,小糸の母,小丝的母亲
speaker,小糸ファンの女の子,小丝粉丝的女孩子
speaker,小糸＆プロデューサー,小丝＆制作人
speaker,小糸＆子役たち,小丝＆儿童演员们
speaker,小糸＆雛菜,小丝＆雏菜
speaker,小説のテキスト,小说的文本
speaker,少女,少女
speaker,少女＆透,少女＆透
speaker,少年,少年
speaker,局のスタッフ,台里的工作人员
speaker,居酒屋の大将,居酒屋的老板
speaker,居酒屋女将,居酒屋的老板娘
speaker,屋台のおじさん,小吃摊的大叔
speaker,屋台の店員,小吃摊的店员
speaker,屋敷の主人,宅邸的主人
speaker,市長,市长
speaker,希亜,希亚
speaker,帰りの客１,返程的客人1
speaker,帰りの客２,返程的客人2
speaker,帰路のタクシー運転手,返程路上的出租车司机
speaker,幕間のCM,幕间广告
speaker,年配の女性客,年长的女性客人
speaker,年配の男性,年长的男性
speaker,年配の警備員,年长的安保人员
speaker,幸司郎,幸司郎
speaker,幼い恋鐘,年幼的恋钟
speaker,幽霊,幽灵
speaker,幽霊？,幽灵？
speaker,広告,广告
speaker,広告の字幕,广告的字幕
speaker,広告ディレクター,广告导演
speaker,広告マン,广告人
speaker,広告会社のふたり,广告公司的两人
speaker,広告会社ディレクター,广告公司导演
speaker,広告会社営業,广告公司营业人员
speaker,広告動画の声,广告动画的声音
speaker,広告Ｄ＆プロデューサー,广告D＆制作人
speaker,広報担当スタッフ,宣传担当工作人员
speaker,広報担当社員,宣传担当职员
speaker,店のポスター,店铺的海报
speaker,店主,店主
speaker,店内,店内
speaker,店内BGM,店内背景音乐
speaker,店内に流れるラジオ,店内播放的电台节目
speaker,店内の声,店内的声音
speaker,店内アナウンス,店内广播
speaker,店内一同,店内全体人员
speaker,店内放送,店内广播
speaker,店員,店员
speaker,店員の声,店员的声音
speaker,店員連絡ノート,店员联络笔记
speaker,店員１,店员1
speaker,店員２,店员2
speaker,店舗スタッフ１,店铺工作人员1
speaker,店舗スタッフ２,店铺工作人员2
speaker,店舗看板,店铺招牌
speaker,店長,店长
speaker,店頭のポップ,店铺门口的展板
speaker,店頭スタッフ,店铺门口的工作人员
speaker,店頭モニター,店铺门口的屏幕
speaker,廊下から聞こえる声,从走廊传来的声音
speaker,廊下で練習する練習生,在走廊练习的练习生
speaker,引用コメント,引用评论
speaker,弟子,弟子
speaker,役人,官员
speaker,役者,演员
speaker,彼女,她
speaker,彼方,彼方
speaker,彼方＆萌夢,彼方＆萌梦
speaker,彼氏,男朋友
speaker,後輩たち,后辈们
speaker,後輩店員,后辈店员
speaker,後輩１,后辈1
speaker,後輩１＆２,后辈1＆2
speaker,後輩２,后辈2
speaker,御子柴,御子柴
speaker,志道,志道
speaker,応答する声,回应的声音
speaker,怖そうな女子生徒,害怕的女学生
speaker,怪しい人,可疑的人
speaker,怪盗,怪盗
speaker,恋鐘,恋钟
speaker,恋鐘＆咲耶＆結華,恋钟＆咲耶＆结华
speaker,恋鐘のファン,恋钟的粉丝
speaker,恋鐘の友人,恋钟的朋友
speaker,恋鐘の母,恋钟的母亲
speaker,恋鐘の父,恋钟的父亲
speaker,恋鐘の父と母,恋钟的父亲＆母亲
speaker,恋鐘＆プロデューサー,恋钟＆制作人
speaker,恋鐘＆主人公,恋钟＆主人公
speaker,恋鐘＆咲耶,恋钟＆咲耶
speaker,恋鐘＆咲耶＆果穂,恋钟＆咲耶＆果穗
speaker,恋鐘＆咲耶＆結華,恋钟＆咲耶＆结华
speaker,恋鐘＆咲耶＆結華＆霧子,恋钟＆咲耶＆结华＆雾子
speaker,恋鐘＆咲耶＆霧子,恋钟＆咲耶＆雾子
speaker,恋鐘＆小糸,恋钟＆小丝
speaker,恋鐘＆摩美々,恋钟＆摩美美
speaker,恋鐘＆摩美々＆咲耶,恋钟＆摩美美＆咲耶
speaker,恋鐘＆摩美々＆結華,恋钟＆摩美美＆结华
speaker,恋鐘＆摩美々＆霧子,恋钟＆摩美美＆雾子
speaker,恋鐘＆智代子＆愛依,恋钟＆智代子＆爱依
speaker,恋鐘＆樹里,恋钟＆树里
speaker,恋鐘＆甘奈,恋钟＆甘奈
speaker,恋鐘＆結華,恋钟＆结华
speaker,恋鐘＆結華＆霧子,恋钟＆结华＆雾子
speaker,恋鐘＆霧子,恋钟＆雾子
speaker,悪人,坏人
speaker,悪魔,恶魔
speaker,情報番組１,情报节目1
speaker,情報番組２,情报节目2
speaker,愛依,爱依
speaker,愛依のツイスタ,爱依的Twesta
speaker,愛依のメッセージ,爱依的消息
speaker,愛依の友人,爱依的朋友
speaker,愛依の妹,爱依的妹妹
speaker,愛依の妹＆弟,爱依的妹妹＆弟弟
speaker,愛依の姉,爱依的姐姐
speaker,愛依の弟,爱依的弟弟
speaker,愛依の母,爱依的母亲
speaker,愛依の祖母,爱依的祖母
speaker,愛依＆プロデューサー,爱依＆制作人
speaker,愛依＆主人公,爱依＆主人公
speaker,愛依＆受講生たち,爱依＆听课学生们
speaker,愛依＆愛依の友人,爱依＆爱依的朋友
speaker,愛依＆愛依の弟,爱依＆爱依的弟弟
speaker,愛依＆生徒たち,爱依＆学生们
speaker,所属スタッフ,所属工作人员
speaker,手紙,信件
speaker,打ち上げの一同,庆功宴的全体人员
speaker,技術スタッフ,技术工作人员
speaker,投稿へのコメント,对投稿的评论
speaker,投稿コメント,投稿评论
speaker,担任,班主任
speaker,担任の先生,班主任老师
speaker,担任の教師,班主任教师
speaker,担当プランナー,负责的策划人
speaker,担当者＆社長,负责人＆社长
speaker,招待客10,招待客人10
speaker,招待客11,招待客人11
speaker,招待客ら,招待客人们
speaker,招待客１,招待客人1
speaker,招待客２,招待客人2
speaker,招待客３,招待客人3
speaker,招待客４,招待客人4
speaker,招待客５,招待客人5
speaker,招待客６,招待客人6
speaker,招待客７,招待客人7
speaker,招待客８,招待客人8
speaker,招待客９,招待客人9 
speaker,拡声器のアナウンス,扩音器广播
speaker,振付,编舞
speaker,振付師,编舞师
speaker,探偵たち,侦探们
speaker,控えめなクラスメイト,内向的同班同学
speaker,控室のアイドルたち,休息室的偶像们
speaker,控室リポーター,休息室记者
speaker,搬入スタッフ１,搬运工作人员1
speaker,搬入スタッフ２,搬运工作人员2
speaker,搭乗アナウンス,登机广播
speaker,摩美々,摩美美
speaker,摩美々＆咲耶,摩美美＆咲耶
speaker,摩美々のファン,摩美美的粉丝
speaker,摩美々の母,摩美美的母亲
speaker,摩美々＆プロデューサー,摩美美＆制作人
speaker,摩美々＆主人公,摩美美＆主人公
speaker,摩美々＆凛世,摩美美＆凛世
speaker,摩美々＆咲耶,摩美美＆咲耶
speaker,摩美々＆咲耶＆凛世,摩美美＆咲耶＆凛世
speaker,摩美々＆咲耶＆結華,摩美美＆咲耶＆结华
speaker,摩美々＆咲耶＆霧子,摩美美＆咲耶＆雾子
speaker,摩美々＆女子生徒,摩美美＆女学生
speaker,摩美々＆恋鐘,摩美美＆恋钟
speaker,摩美々＆智代子,摩美美＆智代子
speaker,摩美々＆智代子＆にちか,摩美美＆智代子＆日花
speaker,摩美々＆果穂,摩美美＆果穗
speaker,摩美々＆甘奈,摩美美＆甘奈
speaker,摩美々＆甘奈＆雛菜,摩美美＆甘奈＆雏菜
speaker,摩美々＆結華,摩美美＆结华
speaker,摩美々＆結華＆霧子,摩美美＆结华＆雾子
speaker,摩美々＆雛菜,摩美美＆雏菜
speaker,摩美々＆雨竜,摩美美＆雨龙
speaker,摩美々＆霧子,摩美美＆雾子
speaker,摩美々＆霧子＆智代子,摩美美＆雾子＆智代子
speaker,撮影クルー,摄影团队
speaker,撮影クルーたち,摄影团队们
speaker,撮影クルー１,摄影团队1
speaker,撮影クルー２,摄影团队2
speaker,撮影クルー３,摄影团队3
speaker,撮影クルー４,摄影团队4
speaker,撮影スタッフ,摄影工作人员
speaker,撮影スタッフ一同,摄影工作人员全体
speaker,撮影スタッフ１,摄影工作人员1
speaker,撮影スタッフ２,摄影工作人员2
speaker,撮影スタッフ３,摄影工作人员3
speaker,撮影スタッフ４,摄影工作人员4
speaker,撮影スタッフ５,摄影工作人员5
speaker,撮影ディレクター,摄影导演
speaker,撮影助手,摄影助手
speaker,撮影監督,摄影监制
speaker,撮影責任者,摄影负责人
speaker,放クラ,放课后
speaker,放クラのファン,放课后的粉丝
speaker,放クラ一同,放课后全体
speaker,放クラ＆先生＆生徒たち,放课后＆老师＆学生们
speaker,放クラ＆生徒たち,放课后＆学生们
speaker,放送,放送
speaker,放送作家,放送作家
speaker,放送機材から聞こえる音,从播放设备传来的声音
speaker,放送番組の音声,播放节目的语音
speaker,教師,教师
speaker,教師１,教师1
speaker,教師２,教师2
speaker,教授,教授
speaker,教頭,教导主任
speaker,数学教師,数学教师
speaker,整形外科医,整形外科医生
speaker,敵兵１,敌兵1
speaker,敵兵２,敌兵2
speaker,敵能力者,敌方能力者
speaker,敵１,敌人1
speaker,敵２,敌人2
speaker,文化祭実行員たち,文化节执行者们
speaker,文化祭実行委員たち,文化节执行委员们
speaker,文化祭実行委員長,文化节执行委员长
speaker,料理研究家,料理研究专家
speaker,新人お笑い,新人喜剧演员
speaker,新人お笑い１,新人喜剧演员1
speaker,新人お笑い２,新人喜剧演员2
speaker,新人アイドル,新人偶像
speaker,新人アイドルたち,新人偶像们
speaker,新人アイドル１,新人偶像1
speaker,新人アイドル２,新人偶像2
speaker,新人アシスタント,新助理
speaker,新人アルバイト,打工新人
speaker,新人スタッフ,新工作人员
speaker,新人女優,新女演员
speaker,新幹線ホームアナウンス,新干线站台广播
speaker,新聞配達員,送报员
speaker,施設内アナウンス,设施内广播
speaker,旅人,旅人
speaker,旅客,旅客
speaker,日本史教諭,日本史教师
speaker,日焼けした男,晒黑了的男人
speaker,明るいクラスメイト,开朗的同班同学
speaker,明るい同級生,开朗的同班同学
speaker,星柄シャツの男の子,穿星星图案衬衫的男孩子
speaker,映像ディレクター,影像导演
speaker,映画の中の男,电影里的男人
speaker,映画の主人公,电影的主人公
speaker,映画の音声,电影的语音
speaker,映画監督,电影监制
speaker,映画館前の貼り紙,电影院前的张贴物
speaker,時計メーカー担当,钟表制造商负责人
speaker,智代子,智代子
speaker,智代子＆凛世,智代子＆凛世
speaker,智代子の友達,智代子的朋友
speaker,智代子の弟,智代子的弟弟
speaker,智代子の母,智代子的母亲
speaker,智代子の父,智代子的父亲
speaker,智代子の父＆弟,智代子的父亲＆弟弟
speaker,智代子＆あすみ,智代子＆明日美
speaker,智代子＆お笑い芸人,智代子＆喜剧艺人
speaker,智代子＆プロデューサー,智代子＆制作人
speaker,智代子＆主人公,智代子＆主人公
speaker,智代子＆仲間,智代子＆伙伴
speaker,智代子＆凛世,智代子＆凛世
speaker,智代子＆凛世＆夏葉,智代子＆凛世＆夏叶
speaker,智代子＆夏葉,智代子＆夏叶
speaker,智代子＆愛依,智代子＆爱依
speaker,智代子＆樹里,智代子＆树里
speaker,智代子＆樹里＆凛世,智代子＆树里＆凛世
speaker,智代子＆樹里＆夏葉,智代子＆树里＆夏叶
speaker,書きこみへのリプライ,对留言的回复
speaker,書名,书名
speaker,書店のポスター,书店的海报
speaker,書店のポップ,书店的展板
speaker,書店員,书店店员
speaker,書店店主,书店店主
speaker,月面調査隊員,月球表面调查队员
speaker,月面調査隊員カメラ係,月球表面调查队摄像
speaker,本のタイトル,书的标题
speaker,机上のメモ,桌上的便签
speaker,来場客１,到场客人1
speaker,来場客２,到场客人2
speaker,来場客３,到场客人3
speaker,来場客４,到场客人4
speaker,来場客５,到场客人5
speaker,来場客６,到场客人6
speaker,果穂,果穗
speaker,果穂の兄,果穗的哥哥
speaker,果穂の兄＆果穂の母,果穗的哥哥＆果穗的母亲
speaker,果穂の友人,果穗的朋友
speaker,果穂の友人A,果穗的朋友A
speaker,果穂の友人B,果穗的朋友B
speaker,果穂の友人C,果穗的朋友C
speaker,果穂の友人たち,果穗的朋友们
speaker,果穂の友人１,果穗的朋友1
speaker,果穂の友人１＆３,果穗的朋友1＆3
speaker,果穂の友人２,果穗的朋友2
speaker,果穂の友人３,果穗的朋友3
speaker,果穂の友人Ａ,果穗的朋友A
speaker,果穂の友人Ｂ,果穂的朋友B
speaker,果穂の友人Ｃ,果穗的朋友C
speaker,果穂の母,果穗的母亲
speaker,果穂の父,果穗的父亲
speaker,果穂＆あさひ,果穗＆朝日
speaker,果穂＆クルー,果穗＆船员
speaker,果穂＆プロデューサー,果穗＆制作人
speaker,果穂＆主人公,果穗＆主人公
speaker,果穂＆冬優子,果穗＆冬优子
speaker,果穂＆凛世,果穗＆凛世
speaker,果穂＆凛世＆夏葉,果穗＆凛世＆夏叶
speaker,果穂＆夏葉,果穗＆夏叶
speaker,果穂＆夏葉＆冬優子,果穗＆夏叶＆冬优子
speaker,果穂＆夏葉＆千雪,果穗＆夏叶＆千雪
speaker,果穂＆愛依,果穗＆爱依
speaker,果穂＆智代子,果穗＆智代子
speaker,果穂＆智代子＆凛世,果穗＆智代子＆凛世
speaker,果穂＆智代子＆夏葉,果穗＆智代子＆夏叶
speaker,果穂＆智代子＆樹里,果穗＆智代子＆树里
speaker,果穂＆果穂の友人たち,果穗＆果穗的朋友们
speaker,果穂＆果穂の母,果穗＆果穗的母亲
speaker,果穂＆樹里,果穗＆树里
speaker,果穂＆樹里＆凛世,果穗＆树里＆凛世
speaker,果穂＆樹里＆夏葉,果穗＆树里＆夏叶
speaker,果穂＆甘奈,果穗＆甘奈
speaker,果穂＆甘奈＆千雪,果穗＆甘奈＆千雪
speaker,果穂＆甘奈＆甜花,果穗＆甘奈＆甜花
speaker,果穂＆甜花,果穗＆甜花
speaker,果穂＆男子,果穗＆男子
speaker,柴犬概念,柴犬概念
speaker,校内放送,校内广播
speaker,校長,校长
speaker,桃太郎,桃太郎
speaker,業界人１,业内人士1
speaker,業界人２,业内人士2
speaker,業界人３,业内人士3
speaker,業界人４,业内人士4
speaker,業界関係者,业内相关人员
speaker,業者,从业者
speaker,楽器会社スタッフ,乐器公司工作人员
speaker,構成作家,编剧
speaker,樹里,树里
speaker,樹里の兄,树里的哥哥
speaker,樹里の父,树里的父亲
speaker,樹里?夏葉,树里·夏叶
speaker,樹里＆プロデューサー,树里＆制作人
speaker,樹里＆主人公,树里＆主人公
speaker,樹里＆凛世,树里＆凛世
speaker,樹里＆凛世＆千雪,树里＆凛世＆千雪
speaker,樹里＆凛世＆夏葉,树里＆凛世＆夏叶
speaker,樹里＆千雪,树里＆千雪
speaker,樹里＆夏葉,树里＆夏叶
speaker,樹里＆子どもたち,树里＆孩子们
speaker,樹里＆小学生の男の子,树里＆小学男生
speaker,樹里＆智代子,树里＆智代子
speaker,樹里＆樹里の兄,树里＆树里的哥哥
speaker,樹里＆甘奈,树里＆甘奈
speaker,樹里＆男,树里＆男子
speaker,機内アナウンス,机内广播
speaker,機械の音声,机器的语音
speaker,次女,次女
speaker,次女＆五女＆三女,次女＆五女＆三女
speaker,歌声,歌声
speaker,歌手,歌手
speaker,歌番組スタッフ,歌曲节目工作人员
speaker,歌番組司会,歌曲节目主持人
speaker,歌番組司会者,歌曲节目主持人
speaker,歌詞,歌词
speaker,歓声,欢呼声
speaker,母,母亲
speaker,母からの手紙,母亲寄来的信件
speaker,母の書き置き,母亲的留言条
speaker,母親,母亲
speaker,母親役の女性,扮演母亲角色的女性
speaker,母＆弟＆妹,母亲＆弟弟＆妹妹
speaker,民宿の主人,民宿的主人
speaker,民宿の娘,民宿的女儿
speaker,気象予報士,气象预报员
speaker,水中メガネの旧友,泳镜的老朋友
speaker,沿道のファンの声援,沿途粉丝的助威声
speaker,泣きそうなアイドル,快要哭出来的偶像
speaker,注目のモデル,备受瞩目的模特
speaker,洋菓子店の店員,西式点心店的店员
speaker,流れ星の手紙,流星的信件
speaker,浅倉家から聞こえる声,从浅仓家传来的声音
speaker,消防団の方,消防队的人员
speaker,添付音声,附加语音
speaker,準備中のスタッフ,正在准备的工作人员
speaker,漁師,渔民
speaker,演出家,演出策划人
speaker,演劇部員たち,戏剧部成员们
speaker,演劇部部長,戏剧部部长
speaker,演技講師,演技讲师
speaker,演者たち,演员们
speaker,灯織,灯织
speaker,灯織からの連絡,灯织的联络
speaker,灯織の前の客,灯织面前的客人
speaker,灯織の母,灯织的母亲
speaker,灯織の父,灯織的父亲
speaker,灯織＆めぐる,灯织＆巡
speaker,灯織＆めぐるの声,灯织＆巡
speaker,灯織＆プロデューサー,灯织＆制作人
speaker,灯織＆ルカ,灯织＆路加
speaker,灯織＆主人公,灯织＆主人公
speaker,灯織＆円香,灯织＆圆香
speaker,灯織＆困っている女性,灯织＆困扰中的女性
speaker,灯織＆愛依,灯织＆爱依
speaker,灯織＆智代子,灯织＆智代子
speaker,灯織＆智代子＆円香,灯织＆智代子＆圆香
speaker,灯織＆果穂＆甘奈,灯织＆果穗＆甘奈
speaker,灯織＆果穂＆甜花,灯织＆果穗＆甜花
speaker,灯織＆甘奈,灯织＆甘奈
speaker,灯織＆霧子＆千雪,灯织＆雾子＆千雪
speaker,烏面の男性,戴乌鸦面具的男性
speaker,無線連絡,对讲机联络
speaker,焼き芋の移動販売,烤红薯的流动售卖
speaker,焼肉屋の店員,烤肉店的店员
speaker,焼肉店の店員,烤肉店的店员
speaker,煉,炼
speaker,煉＆空未＆希亜,炼＆空未＆希亚
speaker,照明スタッフ,照明工作人员
speaker,熱心なルカのファン,热心的路加粉丝
speaker,父,父
speaker,父と母,父亲和母亲
speaker,父親,父亲
speaker,父＆母,父＆母
speaker,牛丼店店員,牛肉饭店店员
speaker,牡蠣漁師,牡蛎渔民
speaker,物販スタッフ,商品销售工作人员
speaker,特別講師,特别讲师
speaker,特番スタッフ１,特别节目工作人员1
speaker,特番スタッフ２,特别节目工作人员2
speaker,特番スタッフ３,特别节目工作人员3
speaker,犬,狗
speaker,犬たち,狗们
speaker,犬とさるときじ,狗和猴子与雉鸡
speaker,犬の飼い主,狗的主人
speaker,犬を連れた女性,带着狗的女性
speaker,犬面の屋台の店主,戴狗面具的小吃摊摊主
speaker,犯人,犯人
speaker,狐面の少年,戴狐狸面具的少年
speaker,狐面の男性,戴狐狸面具的男性
speaker,狸面の女性,戴狸猫面具的女性
speaker,班のメンバー１,班级成员1
speaker,班のメンバー２,班级成员2
speaker,班のメンバー３,班级成员3
speaker,現地の女子たち,当地的女孩子们
speaker,現地の女子１,当地的女子1
speaker,現地の女子２,当地的女子2
speaker,現地の女子３,当地的女子3
speaker,現地の子ども,当地的孩子
speaker,現地の子どもたち,当地的孩子们
speaker,現地の子ども１,当地的孩子1
speaker,現地の子ども２,当地的孩子2
speaker,現場のスタッフ,现场的工作人员
speaker,現場のスタッフら,现场的工作人员们
speaker,現場スタッフ,现场工作人员
speaker,現場スタッフ数名,几名现场工作人员
speaker,現場スタッフ１,现场工作人员1
speaker,現場スタッフ２,现场工作人员2
speaker,現場スタッフ３,现场工作人员3
speaker,現場ディレクター,现场导演
speaker,現場監督,现场监制
speaker,現場責任者,现场负责人
speaker,甘奈,甘奈
speaker,甘奈＆甜花,甘奈＆甜花
speaker,甘奈おばあちゃん,甘奈奶奶
speaker,甘奈からの手紙,甘奈寄来的信件
speaker,甘奈の友人,甘奈的朋友
speaker,甘奈の友人１,甘奈的朋友1
speaker,甘奈の友人２,甘奈的朋友2
speaker,甘奈?甜花,甘奈·甜花
speaker,甘奈＆あさひ,甘奈＆朝日
speaker,甘奈＆スタッフ＆出演者,甘奈＆工作人员＆出演者
speaker,甘奈＆プロデューサー,甘奈＆制作人
speaker,甘奈＆主人公,甘奈＆主人公
speaker,甘奈＆兎面の少女,甘奈＆戴兔子面具的少女
speaker,甘奈＆冬優子,甘奈＆冬优子
speaker,甘奈＆千雪,甘奈＆千雪
speaker,甘奈＆愛依,甘奈＆爱依
speaker,甘奈＆甜花,甘奈＆甜花
speaker,甘奈＆甜花＆千雪,甘奈＆甜花＆千雪
speaker,甘奈＆甜花＆父,甘奈＆甜花＆父亲
speaker,甘奈（善）,甘奈（善）
speaker,甘奈（悪）,甘奈（恶）
speaker,甜花,甜花
speaker,甜花の手紙,甜花的信件
speaker,甜花＆プロデューサー,甜花＆制作人
speaker,甜花＆主人公,甜花＆主人公
speaker,甜花＆千雪,甜花＆千雪
speaker,甜花＆愛依,甜花＆爱依
speaker,甜花＆父,甜花＆父亲
speaker,甜花（善）,甜花（善）
speaker,甜花（悪）,甜花（恶）
speaker,生徒,学生
speaker,生徒A,学生A
speaker,生徒B,学生B
speaker,生徒C,学生C
speaker,生徒たち,学生们
speaker,生徒たちの声,学生们的声音
speaker,生徒の声,学生的声音
speaker,生徒会長,学生会会长
speaker,生徒１,学生1
speaker,生徒１＆生徒２,学生1＆学生2
speaker,生徒２,学生2
speaker,生徒３,学生3
speaker,生徒４,学生4
speaker,生物の教師,生物教师
speaker,生物教師,生物教师
speaker,生花店の店主,鲜花店的店主
speaker,生花店スタッフ,鲜花店工作人员
speaker,男,男子
speaker,男の声,男子的声音
speaker,男の子,男孩子
speaker,男の子の母親,男孩子的母亲
speaker,男の子＆女の子,男孩子＆女孩子
speaker,男の手紙,男子的信件
speaker,男子,男子
speaker,男子生徒,男学生
speaker,男子生徒A,男学生A
speaker,男子生徒B,男学生B
speaker,男子生徒C,男学生C
speaker,男子生徒の友達,男学生的朋友
speaker,男子生徒１,男学生1
speaker,男子生徒２,男学生2
speaker,男子高生,男高中生
speaker,男子高生アイドル,男高中生偶像
speaker,男性,男性
speaker,男性の観客,男性观众
speaker,男性アーティスト１,男性艺术家1
speaker,男性アーティスト１＆２,男性艺术家1＆2
speaker,男性アーティスト２,男性艺术家2
speaker,男性客,男性客人
speaker,男性客１,男性客人1
speaker,男性客２,男性客人2
speaker,男性１,男性1
speaker,男性２,男性2
speaker,男性３,男性3
speaker,男性４,男性4
speaker,男性５,男性5
speaker,男＆透,男子＆透
speaker,町おこし実行委員,城镇振兴执行委员
speaker,町の人１,镇上的人1
speaker,町の人２,镇上的人2
speaker,町の人３,镇上的人3
speaker,町人,城镇居民
speaker,町人たち,城镇居民们
speaker,町人１,城镇居民1 
speaker,町人１＆町人２,城镇居民1＆城镇居民2
speaker,町人２,城镇居民2
speaker,町内会のおじさん,町内会的大叔
speaker,町内会の人,町内会的人
speaker,町内会の人１,町内会的人1
speaker,町内会の人２,町内会的人2
speaker,町内会の方,町内会的人士
speaker,町内会の方２,町内会的人士2
speaker,画家,画家
speaker,画面の中の少女,画面中的少女
speaker,画面テロップ,画面字幕
speaker,留守電の応答音,电话语音留言的应答音
speaker,番組AD,节目助理导演
speaker,番組MC,节目主持人
speaker,番組アナウンサー,节目播音员
speaker,番組ゲスト,节目嘉宾
speaker,番組スタッフ,节目工作人员
speaker,番組スタッフたち,节目工作人员们
speaker,番組スタッフ１,节目工作人员1
speaker,番組スタッフ２,节目工作人员2
speaker,番組スタッフ３,节目工作人员3
speaker,番組スタッフ４,节目工作人员4
speaker,番組スポンサー,节目赞助商
speaker,番組ディレクター,节目导演
speaker,番組プロデューサー,节目制作人
speaker,番組リポーター,节目记者
speaker,番組予告,节目预告
speaker,番組出演者,节目出演者
speaker,番組制作者,节目制作者
speaker,番組台本,节目剧本
speaker,番組司会者,节目主持人
speaker,番組審査員,节目审查员
speaker,番組ＭＣ,节目主持人
speaker,病院の職員,医院的工作人员
speaker,白いＴシャツの男の子,穿白色T恤的男孩
speaker,白うさぎ,白色兔子
speaker,白チームキャプテン,白队队长
speaker,白紙の文書,空白文件
speaker,白組メンバー,白组人员
speaker,監督,导演
speaker,相談者,咨询者
speaker,看板,招牌
speaker,看護師,护士
speaker,看護師１,护士1
speaker,看護師２,护士2
speaker,看護師３,护士3
speaker,真乃,真乃
speaker,真乃のクラスメイト,真乃的同班同学
speaker,真乃のクラスメイト１,真乃的同班同学1
speaker,真乃のクラスメイト２,真乃的同班同学2
speaker,真乃のファン,真乃的粉丝
speaker,真乃の母,真乃的母亲
speaker,真乃＆めぐる,真乃＆巡
speaker,真乃＆プロデューサー,真乃＆制作人
speaker,真乃＆ルポライター,真乃＆纪实作家
speaker,真乃＆主人公,真乃＆主人公
speaker,真乃＆冬優子,真乃＆冬优子
speaker,真乃＆千雪,真乃＆千雪
speaker,真乃＆咲耶＆甜花,真乃＆咲耶＆甜花
speaker,真乃＆小糸,真乃＆小丝
speaker,真乃＆恋鐘,真乃＆恋钟
speaker,真乃＆恋鐘＆結華,真乃＆恋钟＆结华
speaker,真乃＆智代子＆千雪,真乃＆智代子＆千雪
speaker,真乃＆果穂＆甘奈,真乃＆果穗＆甘奈
speaker,真乃＆樹里,真乃＆树里
speaker,真乃＆樹里＆甘奈,真乃＆树里＆甘奈
speaker,真乃＆灯織,真乃＆灯织
speaker,真乃＆灯織＆めぐる,真乃＆灯织＆巡
speaker,真乃＆灯織＆愛依,真乃＆灯织＆爱依
speaker,真乃＆甘奈,真乃＆甘奈
speaker,真乃＆甘奈＆あさひ,真乃＆甘奈＆朝日
speaker,真乃＆甜花,真乃＆甜花
speaker,真乃＆結華＆千雪,真乃＆结华＆千雪
speaker,真乃＆結華＆甜花,真乃＆结华＆甜花
speaker,真乃＆霧子,真乃＆雾子
speaker,真乃＆霧子＆智代子,真乃＆雾子＆智代子
speaker,真乃＆霧子＆甜花,真乃＆雾子＆甜花
speaker,真乃＆飼育員,真乃＆饲养员
speaker,真面目そうな女性,认真的女性
speaker,真面目なクラスメイト,认真的同班同学
speaker,眠そうなクラスメイト,困倦的同班同学
speaker,眼鏡の友達,戴眼镜的朋友
speaker,眼鏡の男性,戴眼镜的男性
speaker,着付係,着装负责人
speaker,知り合いのディレクター,熟人导演
speaker,知人ダンサー,熟人舞者
speaker,知人女性１,熟人女性1
speaker,知人男性１,熟人男性1
speaker,知人男性２,熟人男性2
speaker,研修生,研修生
speaker,研究生たち,研究生们
speaker,研究生１,研究生1
speaker,研究生２,研究生2
speaker,研究生３,研究生3
speaker,社会科教諭,社会科教师
speaker,社員,职员
speaker,社長,社长
speaker,神主,神社的神职人员
speaker,穏やかなクラスメイト,温和的同班同学
speaker,空未,空未
speaker,空未＆希亜,空未＆希亚
speaker,管理人,管理人
speaker,管理人の男性,男性管理员
speaker,精肉店の店員,肉店的店员
speaker,精肉店店主,肉店店主
speaker,精肉店店員,肉店店员
speaker,結華,结华
speaker,結華のチェイン,结华的CHAIN
speaker,結華のファン,结华的粉丝
speaker,結華の兄,结华的哥哥
speaker,結華の友人１,结华的朋友1
speaker,結華の友達,结华的朋友
speaker,結華の友達１,结华的朋友1
speaker,結華の友達１＆２,结华的朋友1＆2
speaker,結華の友達２,结华的朋友2
speaker,結華の友達３,结华的朋友3
speaker,結華の弟,结华的弟弟
speaker,結華の母,结华的母亲
speaker,結華の父,结华的父亲
speaker,結華＆プロデューサー,结华＆制作人
speaker,結華＆主人公,结华＆主人公
speaker,結華＆冬優子,结华＆冬优子
speaker,結華＆冬優子＆愛依,结华＆冬优子＆爱依
speaker,結華＆千雪,结华＆千雪
speaker,結華＆夏葉,结华＆夏叶
speaker,結華＆夏葉＆千雪,结华＆夏叶＆千雪
speaker,結華＆夏葉＆雛菜,结华＆夏叶＆雏菜
speaker,結華＆愛依,结华＆爱依
speaker,結華＆摩美々,结华＆摩美美
speaker,結華＆果穂＆愛依,结华＆果穗＆爱依
speaker,結華＆甘奈,结华＆甘奈
speaker,結華＆甜花,结华＆甜花
speaker,結華＆結華の兄,结华＆结华的哥哥
speaker,結華＆霧子,结华＆雾子
speaker,結華＆霧子＆樹里,结华＆雾子＆树里
speaker,給仕のスタッフ,服务人员
speaker,絵の中の幽霊,画中的幽灵
speaker,絵馬の文字,绘马上的文字
speaker,緊張気味のアイドル,略显紧张的偶像
speaker,総務課スタッフ,总务科工作人员
speaker,総合責任者,综合负责人
speaker,編集者,编辑
speaker,編集部員,编辑部人员
speaker,編集長,主编
speaker,練習生たち,练习生们
speaker,練習生とダンサー,练习生和舞者
speaker,練習生と練習生２,练习生和练习生2
speaker,縁日を楽しむ少女,享受庙会的少女
speaker,縫製スタッフ,缝纫工作人员
speaker,置かれたバッグのノート,放在包里的笔记
speaker,美容師,美容师
speaker,美容師の男,男性美容师
speaker,美琴,美琴
speaker,美琴の母,美琴的母亲
speaker,美琴の父,美琴的父亲
speaker,美琴＆ルカ,美琴＆路加
speaker,美琴＆ルカ＆同期一同,美琴＆路加＆同期人员全体
speaker,美百合,美百合
speaker,美術教師,美术教师
speaker,美術館スタッフ,美术馆工作人员
speaker,美術館館長,美术馆馆长
speaker,羽那,羽那
speaker,羽那＆はるき,羽那＆阳希
speaker,羽那＆プロデューサー,羽那＆制作人
speaker,翼,翼
speaker,老いた女性,年老的女性
speaker,老婦人,老妇人
speaker,老紳士,老绅士
speaker,肉屋の店員,肉店店员
speaker,自分,自己
speaker,自列のレジスタッフ,自己所在队列的收银员
speaker,舞台監督,舞台监督
speaker,舞踏家,舞蹈家
speaker,舞踏講師,舞蹈讲师
speaker,航海士,海员
speaker,船主の女性,女船主
speaker,船長,船长
speaker,花嫁,新娘
speaker,芸人,艺人
speaker,芸人たち,艺人们
speaker,芸人（ツッコミ）,艺人(吐槽)
speaker,芸人（ボケ）,艺人(装傻)
speaker,芸人１,艺人1
speaker,芸人２,艺人2
speaker,芸能人ふうの男性,艺人风格的男性
speaker,芸能記事,娱乐报道
speaker,若いファン,年轻的粉丝
speaker,若い女,年轻的女子
speaker,若い女の仲間,年轻女子的同伴
speaker,若い女性の声,年轻女性的声音
speaker,若手女優,年轻女演员
speaker,若者たち,年轻人
speaker,英語教師,英语教师
speaker,萌夢,萌梦
speaker,落とし主,失主
speaker,落語映像,落语影像
speaker,街の人たち,街上的人们
speaker,街の喧騒,街上的喧闹声
speaker,街の声,街上的声音
speaker,街の女性,街上的女性 
speaker,街の女性１,街上的女性1
speaker,街の男性１,街上的男性1
speaker,街の若者１,街上的年轻人1
speaker,街の若者２,街上的年轻人2
speaker,街頭ビジョン,街头大屏幕
speaker,街頭ビジョンの声,街头大屏幕的声音
speaker,街頭ビジョンの音声,街头大屏幕的语音
speaker,街頭モニター,街头显示器
speaker,衣装スタッフ,服装工作人员
speaker,裁ちばさみの旧友,裁缝剪刀的老朋友
speaker,裏方のスタッフ１,幕后工作人员1
speaker,裏方のスタッフ２,幕后工作人员2
speaker,裏方のスタッフ３,幕后工作人员3
speaker,見張り,看守
speaker,見知らぬ人,陌生人
speaker,見知らぬ女性,陌生女性
speaker,視聴者コメント,观众评论
speaker,親戚,亲戚
speaker,親戚のおじさん,亲戚家的大叔
speaker,親戚の子,亲戚家的孩子
speaker,観光客,游客
speaker,観光客たち,游客们
speaker,観光客の娘,游客的女儿
speaker,観光客１,游客1
speaker,観光客２,游客2
speaker,観客,观众
speaker,観客たち,观众们
speaker,観客たち＆甜花,观众们＆甜花
speaker,観客の声援,观众的助威声
speaker,観客１,观众1
speaker,観客２,观众2
speaker,観客３,观众3
speaker,観戦するスタッフ,观看比赛的工作人员
speaker,観戦中の生徒１,正在观看比赛的学生1
speaker,観戦中の生徒２,正在观看比赛的学生2
speaker,観戦中の生徒３,正在观看比赛的学生3
speaker,観戦中の生徒４,正在观看比赛的学生4
speaker,解説者,解说员
speaker,記事,报道、文章
speaker,記事の見出し,文章的标题
speaker,記者,记者
speaker,記者１,记者1
speaker,記者２,记者2
speaker,評論家,评论家
speaker,試食販売スタッフ,试吃销售工作人员
speaker,試験監督官,考试监督官
speaker,試験監督教諭,考试监督教师
speaker,話中のセリフ,故事中的台词
speaker,誰か,某人
speaker,誰かの声,某人的声音
speaker,謎の声,神秘的声音
speaker,謎の男性,神秘的男性
speaker,講師,讲师
speaker,講師からのメール,讲师发来的邮件
speaker,警備員,安保人员
speaker,警官,警官
speaker,警察官,警察
speaker,警察官１,警察1
speaker,警察官２,警察2
speaker,警護スタッフ,警卫人员
speaker,警護スタッフ１,警卫人员1
speaker,警護スタッフ２,警卫人员2
speaker,警部,警部
speaker,販売員,销售员
speaker,販売員の声,销售员的声音
speaker,責任者,负责人
speaker,買い物客,购物者
speaker,買い物客１,购物者1
speaker,買い物客２,购物者2
speaker,貼り紙,张贴物
speaker,資産家役の男性,扮演资产家角色的男性
speaker,賞金稼ぎ,赏金猎人
speaker,質問,问题
speaker,赤ちゃん,婴儿
speaker,赤ちゃんの母親,婴儿的母亲
speaker,赤組メンバーたち,红组成员们
speaker,赤組メンバー１,红组成员1
speaker,赤組メンバー２,红组成员2
speaker,赤組メンバー３,红组成员3
speaker,赤組メンバー４,红组成员4
speaker,赤組リーダー,红组组长
speaker,車内アナウンス,车内广播
speaker,車内スピーカー,车内扬声器
speaker,車掌,列车员
speaker,近くの乗客,附近的乘客
speaker,近所の主婦,附近的主妇
speaker,近所の住民,附近的居民
speaker,近所の子,附近的孩子
speaker,近所の家族,附近的家庭
speaker,近所の老人,附近的老人
speaker,透,透
speaker,透からのメッセージ,透发来的消息
speaker,透からのメッセ着信,透发来的短信通知
speaker,透のクラスメイト,透的同班同学
speaker,透のクラスメート,透的同班同学
speaker,透の叔母,透的叔母
speaker,透の担任,透的班主任
speaker,透の母,透的母亲
speaker,透ら,透等人
speaker,透＆ツバサ,透＆翼
speaker,透＆プロデューサー,透＆制作人
speaker,透＆仲間,透＆伙伴
speaker,透＆円香,透＆圆香
speaker,透＆円香＆小糸,透＆圆香＆小丝
speaker,透＆円香＆小糸＆雛菜,透＆圆香＆小丝＆雏菜
speaker,透＆円香＆雛菜,透＆圆香＆雏菜
speaker,透＆女子高生ら,透＆女高中生们
speaker,透＆小糸,透＆小丝
speaker,透＆小糸＆旧友,透＆小丝＆老朋友
speaker,透＆小糸＆雛菜,透＆小丝＆雏菜
speaker,透＆撮影監督,透＆摄影监制
speaker,透＆新人アシスタント,透＆新助理
speaker,透＆雛菜,透＆雏菜
speaker,通りがかりのスタッフ,路过的工作人员
speaker,通りがかりの人たち,路过的人们
speaker,通りすがりの女性,路过的女性
speaker,通りすがりの男性,路过的男性
speaker,通知,通知
speaker,通知音声,通知语音
speaker,通行人,行人
speaker,通行人の女子高生１,路过的女高中生1
speaker,通行人の女子高生２,路过的女高中生2
speaker,通行人１,行人1
speaker,通行人２,行人2
speaker,通行人３,行人3
speaker,通行人４,行人4
speaker,通行人５,行人5
speaker,通行人６,行人6
speaker,通行人Ａ,行人A
speaker,通行人Ｂ,行人B
speaker,週刊誌,周刊杂志
speaker,週刊誌記者,周刊杂志记者
speaker,進行リーダー,行进领队
speaker,進行役,主持人
speaker,遊園地の園長,游乐园园长
speaker,運転手,司机
speaker,遠くの声,远处的声音
speaker,選手たち,选手们
speaker,部下たち,部下们
speaker,部下１,部下1
speaker,部下２,部下2
speaker,部員１,部员1
speaker,部員２,部员2
speaker,部員３,部员3
speaker,部活顧問,社团活动顾问
speaker,部長,部长
speaker,郵便配達員,邮递员
speaker,配信の灯織,直播里的灯织
speaker,配信の音声,直播的语音
speaker,配信ディレクター,直播导演
speaker,配信者,主播
speaker,配送業者,快递从业者
speaker,配達員,快递员
speaker,配達員の投稿１,快递员的投稿1
speaker,配達員の投稿２,快递员的投稿2
speaker,配達員の投稿３,快递员的投稿3
speaker,配達員の投稿４,快递员的投稿4
speaker,配達員の投稿５,快递员的投稿5
speaker,銀之介,银之介
speaker,銭湯のおかみ,公共浴室的老板娘
speaker,鍵盤ハーモニカの旧友,键盘口琴的老朋友
speaker,長い髪の友達,长发的朋友
speaker,長女,长女
speaker,長女の母親,长女的母亲
speaker,門標,门标
speaker,開発メンバー,开发成员
speaker,開発メンバー２,开发成员2
speaker,開発メンバー３,开发成员3
speaker,開発者,开发者
speaker,関係者,相关人员
speaker,関係者の男性,男性相关人员
speaker,闇の魔法使い,黑暗魔法师
speaker,阿久井,阿久井
speaker,降車アナウンス,下车广播
speaker,陶芸専門家,陶艺专家
speaker,陸上部コーチ,田径队教练
speaker,陽呂美,阳吕美
speaker,階下の声,楼下的声音
speaker,階下の母の声,楼下母亲的声音
speaker,階下の父の声,楼下父亲的声音
speaker,隣のレジスタッフ,旁边的收银员
speaker,隣のレジ客,旁边的等收银客人
speaker,隣の乗客,旁边的乘客
speaker,隣の生徒,旁边的学生
speaker,隣室の歌声,隔壁房间的歌声
speaker,隣席の声１,邻座的声音1
speaker,隣席の声２,邻座的声音2
speaker,雑誌,杂志
speaker,雑誌のゲラ,杂志的校样
speaker,雑誌の見出し,杂志的标题
speaker,雑誌の記事,杂志的文章
speaker,雑誌インタビュアー,杂志采访者
speaker,雑誌スタッフ,杂志工作人员
speaker,雑誌ライター,杂志撰稿人
speaker,雑誌担当者,杂志负责人
speaker,雑誌社社員,杂志社职员
speaker,雑誌編集,杂志编辑工作
speaker,雑誌編集者,杂志编辑人员
speaker,雑誌編集長,杂志主编
speaker,雑誌表紙の見出し,杂志封面的标题
speaker,雑誌記事,杂志文章
speaker,雑誌記事見出し,杂志文章标题
speaker,雑誌記者,杂志记者
speaker,雑誌質問,杂志提问
speaker,雑貨屋のPOP,杂货店的宣传展板
speaker,雑貨屋カフェ店員,杂货店咖啡馆的店员
speaker,雑貨店の店員,杂货店的店员
speaker,雑貨店店主,杂货店店主
speaker,雛壇芸人,嘉宾席艺人
speaker,雛菜,雏菜
speaker,雛菜の母,雏菜的母亲
speaker,雛菜の父,雏菜的父亲
speaker,雛菜＆スタイリスト,雏菜＆造型师
speaker,雛菜＆プロデューサー,雏菜＆制作人
speaker,雨竜,雨龙
speaker,雨竜からの連絡,雨龙发来的联络
speaker,雪,雪
speaker,電話のアナウンス,电话的语音提示
speaker,電話の友人,电话那头的朋友
speaker,電話の声,电话里的声音
speaker,霞,霞
speaker,霧ちゃん,雾酱
speaker,霧子,雾子
speaker,霧子のファン,雾子的粉丝
speaker,霧子の担任,雾子的班主任
speaker,霧子の母,雾子的母亲
speaker,霧子の母＆霧子の父,雾子的母亲＆雾子的父亲
speaker,霧子の父,雾子的父亲
speaker,霧子＆にちか,雾子＆日花
speaker,霧子＆プロデューサー,雾子＆制作人
speaker,霧子＆主人公,雾子＆主人公
speaker,霧子＆冬優子＆ルカ,雾子＆冬优子＆路加
speaker,霧子＆果穂＆甜花,雾子＆果穗＆甜花
speaker,霧子＆樹里,雾子＆树里
speaker,霧子＆甜花,雾子＆甜花
speaker,霧子＆翼,雾子＆翼
speaker,霧子＆霧子の父,雾子＆雾子的父亲
speaker,青年,青年
speaker,青果店の店主,蔬菜水果店的店主
speaker,音声ガイド,语音向导
speaker,音声案内,语音引导
speaker,音楽の先生,音乐老师
speaker,音楽プロデューサー,音乐制作人
speaker,音楽番組のMC,音乐节目主持人
speaker,音楽番組の司会,音乐节目主持人
speaker,音楽番組ディレクター,音乐节目导演
speaker,音楽番組司会,音乐节目主持人
speaker,音楽番組司会者,音乐节目主持人
speaker,音響,音响
speaker,音響スタッフ,音响工作人员
speaker,音響監督,音响监制
speaker,飛行ていのクルー,飞行艇的机组人员
speaker,飛行ていのクルーたち,飞行艇的机组人员们
speaker,飛車の旧友,飞车的老朋友
speaker,飼い主,饲主
speaker,飼育員,饲养员
speaker,館内スタッフ,馆内工作人员
speaker,駅のアナウンス,车站广播
speaker,駅員,车站工作人员
speaker,駆け出しダンサー,初出茅庐的舞者
speaker,駆け出しモデル,初出茅庐的模特
speaker,騎馬戦実況者,骑马战解说
speaker,騒がしいクラスメイト,吵闹的同班同学
speaker,高校の後輩たち,高中的学弟学妹们
speaker,高校の後輩１,高中的后辈1
speaker,高校の後輩２,高中的后辈2
speaker,高校教師,高中教师
speaker,高校生くらいの女の子,大概高中生年纪的女孩
speaker,高校生くらいの子,大概高中生年纪的女孩
speaker,高校生風の通行人,有着高中生风格的行人
speaker,高校生１,高中生1
speaker,高校生２,高中生2
speaker,魔法使い役,魔法师扮演者
speaker,魚屋さん,鱼店老板
speaker,鮮魚店の店主,鲜鱼店的店主
speaker,鮮魚店の店員,鲜鱼店的店员
speaker,２年の生徒たち,二年级的学生们
speaker,２８３のサンタたち,283的圣诞老人们
speaker,２８３プロのアカウント,283PRO的账号
speaker,２８３プロダクション,283事务所
speaker,２８３プロツイスタ,283PRO的Twesta
speaker,＜IF＞内掲示板,＜IF＞内的论坛
speaker,？？？,？？？
speaker,？？？＆プロデューサー,？？？＆制作人
speaker,？？？？,？？？？
speaker,Ａチーム, A队
speaker,Ａチームダンサー１, A队舞者1
speaker,Ａチームダンサー２, A队舞者2
speaker,ＡＤ,助理导演
speaker,ＤＪ,DJ
speaker,ＭＣ,主持人
speaker,Ｐ,P
speaker,ＳＮＳの書き込み,社交网络上的评论 
,,
,,
eventAlbumTitle,,
eventTitle,,
